Data,Otwarcie,Najwyzszy,Najnizszy,Zamkniecie,Wolumen
2018-03-13,88.511,94.191,88.227,92.941,884575
2018-03-14,93.244,94.191,90.404,90.65,328232
2018-03-15,91.824,92.279,89.363,89.742,236849
2018-03-16,89.458,91.256,86.826,88.738,582830
2018-03-19,89.552,89.779,86.769,87.091,318518
2018-03-20,87.564,88.814,86.902,88.53,314338
2018-03-21,88.53,90.215,87.981,90.215,313586
2018-03-22,89.931,91.446,88.322,89.155,303016
2018-03-23,87.091,87.848,84.857,87.091,424910
2018-03-26,87.47,87.678,82.358,82.566,304139
2018-03-27,83.872,84.44,80.256,80.465,376200
2018-03-28,77.625,79.518,74.785,75.258,615586
2018-03-29,75.258,78.855,75.182,76.754,380128
2018-04-03,76.489,81.317,75.447,80.938,399083
2018-04-04,80.938,81.563,78.268,78.742,280768
2018-04-05,79.897,82.718,79.897,82.15,293748
2018-04-06,80.465,82.168,80.465,80.862,128846
2018-04-09,80.938,82.68,79.139,80.578,182725
2018-04-10,81.033,82.206,80.181,80.237,141699
2018-04-11,80.275,82.112,80.275,81.884,243460
2018-04-12,81.411,83.683,80.938,82.452,411813
2018-04-13,82.358,85.065,82.358,83.38,187554
2018-04-16,85.482,87.072,83.418,84.1,268054
2018-04-17,84.743,84.743,81.695,82.945,175884
2018-04-18,83.778,83.948,82.736,83.437,173012
2018-04-19,82.074,83.399,81.108,82.15,250336
2018-04-20,82.642,84.44,82.358,83.475,172237
2018-04-23,83.475,84.289,82.244,82.49,83826
2018-04-24,82.415,84.043,82.055,82.055,178847
2018-04-25,81.601,81.695,78.193,78.193,233673
2018-04-26,78.098,79.499,77.814,78.761,166778
2018-04-27,79.045,80.275,78.609,79.045,150508
2018-04-30,79.953,79.991,78.06,78.401,159120
2018-05-02,78.401,79.518,76.167,76.167,179821
2018-05-04,76.015,77.019,73.403,74.236,304380
2018-05-07,73.838,77.019,73.308,75.75,160218
2018-05-08,76.205,77.492,73.043,75.088,293878
2018-05-09,75.731,77.738,75.731,77.738,230902
2018-05-10,77.776,80.465,77.776,79.65,175137
2018-05-11,79.329,80.919,78.666,79.48,161780
2018-05-14,79.158,80.332,77.606,78.571,112590
2018-05-15,77.909,78.003,75.731,76.508,177524
2018-05-16,76.337,79.991,75.731,79.669,274865
2018-05-17,79.518,86.996,79.253,83.494,459302
2018-05-18,84.535,84.535,78.666,80.427,175857
2018-05-21,81.051,81.903,79.329,81.79,156369
2018-05-22,82.055,83.778,80.275,82.547,208072
2018-05-23,81.411,81.411,77.322,78.193,382453
2018-05-24,78.571,79.745,77.151,78.477,137610
2018-05-25,79.007,79.082,77.606,78.571,94680
2018-05-28,77.909,80.256,77.909,79.934,72560
2018-05-29,79.499,79.897,77.606,79.669,118629
2018-05-30,78.761,79.878,76.905,78.969,402182
2018-06-01,79.461,79.461,76.792,79.385,82324
2018-06-04,79.007,80.843,79.007,79.991,114953
2018-06-05,80.37,82.509,79.101,82.036,176298
2018-06-06,82.926,86.94,82.926,84.952,309131
2018-06-07,85.671,87.47,85.387,86.05,131712
2018-06-08,85.614,86.618,84.535,86.144,107330
2018-06-11,85.198,86.58,83.948,85.804,184766
2018-06-12,86.258,86.258,84.156,84.327,104269
2018-06-13,84.289,84.724,81.733,84.005,225242
2018-06-14,82.831,83.872,82.32,83.304,190173
2018-06-15,83.286,84.156,81.506,81.979,303585
2018-06-18,81.941,81.979,77.17,77.53,216241
2018-06-19,75.959,76.678,74.974,75.637,184159
2018-06-20,76.678,78.571,76.489,76.867,116365
2018-06-21,77.681,78.287,75.069,75.466,150898
2018-06-22,75.637,76.848,74.671,75.826,132036
2018-06-25,75.731,78.458,74.595,75.088,126882
2018-06-26,75.258,76.129,73.838,73.914,165642
2018-06-27,73.914,74.785,73.043,74.482,119635
2018-06-28,73.459,74.387,71.623,72.248,142488
2018-06-29,72.418,74.785,72.418,72.607,184454
2018-07-02,72.304,72.38,70.449,71.661,93875
2018-07-03,71.85,74.027,71.85,73.365,140714
2018-07-04,73.838,74.217,72.702,73.459,70172
2018-07-05,74.406,74.406,72.702,72.74,173519
2018-07-06,73.914,73.914,70.525,70.714,205212
2018-07-09,73.005,73.005,69.9,70.089,112744
2018-07-10,70.809,74.785,70.809,73.781,299811
2018-07-11,71.945,73.365,71.244,71.604,201899
2018-07-12,72.248,72.778,70.241,70.809,98252
2018-07-13,70.809,71.282,70.051,70.695,106126
2018-07-16,71.169,72.02,70.828,71.471,81519
2018-07-17,71.377,71.755,70.146,71.377,127375
2018-07-18,71.85,73.422,71.131,72.02,97125
2018-07-19,72.494,72.494,69.578,69.692,307502
2018-07-20,69.862,71.131,69.199,70.619,249346
2018-07-23,70.998,71.453,70.279,70.771,114405
2018-07-24,70.771,73.743,70.771,73.081,458283
2018-07-25,72.891,75.258,71.964,74.406,207001
2018-07-26,74.122,76.678,74.122,75.485,205631
2018-07-27,76.678,76.735,75.428,76.318,82951
2018-07-30,75.94,76.28,73.838,76.167,231286
2018-07-31,75.334,76.148,74.311,74.69,235881
2018-08-01,75.258,75.258,73.857,75.258,107566
2018-08-02,74.785,74.823,73.081,73.649,97352
2018-08-03,73.649,74.406,72.854,72.891,44390
2018-08-06,73.213,74.709,72.399,74.709,79102
2018-08-07,75.258,76.034,74.387,74.633,173586
2018-08-08,74.595,75.921,73.554,73.819,96650
2018-08-09,73.403,74.292,73.194,73.857,51690
2018-08-10,73.365,74.198,72.058,72.986,128300
2018-08-13,72.721,72.816,71.547,71.699,88414
2018-08-14,72.229,74.273,72.134,74.273,65667
2018-08-16,71.945,74.728,70.847,71.187,207892
2018-08-17,71.206,72.02,70.525,70.525,182789
2018-08-20,70.638,71.547,70.506,71.282,98847
2018-08-21,71.282,72.456,70.146,71.358,116154
2018-08-22,70.714,72.361,70.638,71.623,138577
2018-08-23,71.055,72.229,70.619,71.699,124948
2018-08-24,71.945,72.607,70.051,70.051,234174
2018-08-27,71.945,79.007,71.945,76.583,351348
2018-08-28,76.867,76.867,74.709,74.879,245090
2018-08-29,75.731,75.731,74.33,74.785,271311
2018-08-30,74.747,75.258,73.895,73.895,116126
2018-08-31,73.933,74.008,72.437,72.891,166559
2018-09-03,72.872,74.747,72.418,72.418,74147
2018-09-04,72.456,73.819,71.736,72.57,162718
2018-09-05,72.57,72.797,70.43,70.43,193259
2018-09-06,70.525,71.187,69.862,69.862,184240
2018-09-07,69.862,70.487,63.614,64.599,532978
2018-09-10,64.372,64.675,57.934,59.638,522332
2018-09-11,60.169,62.914,60.112,62.914,396529
2018-09-12,64.258,64.826,62.251,64.58,349430
2018-09-13,64.58,65.981,64.372,65.034,232673
2018-09-14,65.508,65.792,63.425,64.504,139292
2018-09-17,63.936,64.372,62.289,62.592,188560
2018-09-18,62.687,64.258,62.687,62.857,237944
2018-09-19,63.425,64.372,61.986,63.217,353204
2018-09-20,62.971,65.375,62.971,64.807,406339
2018-09-21,65.015,66.17,64.372,65.053,1910572
2018-09-24,64.58,66.719,63.633,64.675,151027
2018-09-25,65.224,65.508,64.05,64.239,68830
2018-09-26,64.372,67.609,64.372,64.959,288060
2018-09-27,64.94,65.792,63.766,64.807,211214
2018-09-28,64.769,64.769,62.1,62.668,156141
2018-10-01,63.179,65.318,62.724,64.088,142245
2018-10-02,63.425,64.788,63.046,64.372,118795
2018-10-03,64.75,66.909,64.466,66.246,203522
2018-10-04,65.318,65.792,62.99,63.311,216008
2018-10-05,63.501,64.807,62.952,63.614,201632
2018-10-08,63.709,64.277,62.062,62.062,135167
2018-10-09,61.721,63.463,61.134,62.27,191027
2018-10-10,63.084,63.898,62.119,63.387,230468
2018-10-11,61.532,62.478,60.774,61.721,139855
2018-10-12,62.762,64.466,62.289,62.762,277120
2018-10-15,62.762,63.804,62.478,62.952,86264
2018-10-16,63.236,65.432,63.103,64.599,248989
2018-10-17,65.318,67.022,65.318,67.003,259947
2018-10-18,67.022,67.022,64.561,66.322,286597
2018-10-19,66.322,67.212,65.47,67.193,217835
2018-10-22,67.306,68.101,66.17,68.045,321957
2018-10-23,65.527,66.265,64.996,65.602,343823
2018-10-24,65.981,66.246,65.129,65.678,211812
2018-10-25,65.034,65.602,63.898,65.451,209182
2018-10-26,64.75,65.64,64.107,64.959,171485
2018-10-29,65.318,65.489,64.05,64.372,156485
2018-10-30,64.996,67.59,64.731,67.212,227668
2018-10-31,67.552,70.051,67.212,70.051,378201
2018-11-02,70.525,72.872,70.525,71.964,539197
2018-11-05,71.945,75.58,71.566,74.898,396600
2018-11-06,75.258,75.637,73.554,74.785,193647
2018-11-07,74.027,74.974,73.838,74.406,145215
2018-11-08,74.785,75.637,73.838,74.444,187887
2018-11-09,73.857,73.876,71.282,71.85,139889
2018-11-13,71.093,73.592,69.105,69.162,258689
2018-11-14,68.272,73.384,68.026,73.175,162521
2018-11-15,73.365,75.712,72.626,72.626,184429
2018-11-16,72.399,74.255,71.301,73.213,196126
2018-11-19,72.626,74.917,72.172,73.422,191042
2018-11-20,72.891,73.743,70.752,71.206,166586
2018-11-21,71.187,73.043,70.847,72.304,166752
2018-11-22,72.835,73.762,71.471,72.361,110775
2018-11-23,72.513,72.872,67.78,68.688,301758
2018-11-26,69.559,69.767,63.425,63.709,400017
2018-11-27,63.898,64.637,60.964,61.532,528097
2018-11-28,62.005,62.952,61.342,62.27,436978
2018-11-29,62.63,64.182,62.63,63.52,277240
2018-11-30,63.425,63.709,62.081,62.1,415654
2018-12-03,65.602,65.754,64.391,64.94,323785
2018-12-04,65.224,67.439,64.466,67.401,304706
2018-12-05,66.246,67.836,65.451,67.817,222832
2018-12-06,67.212,67.306,64.561,64.996,266329
2018-12-07,65.754,66.227,64.258,64.959,142745
2018-12-10,64.845,64.845,62.478,62.478,118355
2018-12-11,63.179,64.58,62.535,62.535,183455
2018-12-12,63.046,63.652,62.138,62.762,448858
2018-12-13,63.425,63.595,62.403,63.046,337970
2018-12-14,62.478,63.425,62.138,63.387,180298
2018-12-17,62.857,63.425,62.573,62.876,57063
2018-12-18,62.762,65.129,62.762,64.163,193786
2018-12-19,64.618,65.394,63.917,64.864,241960
2018-12-20,64.466,65.015,62.895,63.69,239374
2018-12-21,63.33,63.728,61.532,62.706,392791
2018-12-27,63.652,63.709,62.592,62.687,109169
2018-12-28,63.179,63.709,62.611,63.671,98904
2019-01-02,63.501,63.898,62.497,63.52,88929
2019-01-03,63.33,64.845,61.835,62.365,199934
2019-01-04,62.724,64.258,62.232,64.258,168047
2019-01-07,64.258,65.148,63.709,64.637,116702
2019-01-08,64.353,65.11,63.463,64.031,124781
2019-01-09,63.652,63.898,62.497,63.217,313692
2019-01-10,63.217,63.217,61.835,62.611,215711
2019-01-11,63.008,63.879,61.57,62.384,218762
2019-01-14,62.384,63.33,61.683,61.778,168757
2019-01-15,62.194,62.952,61.778,62.554,207389
2019-01-16,62.573,62.611,60.112,61.096,308474
2019-01-17,61.058,62.365,61.058,61.854,111012
2019-01-18,62.062,63.917,62.024,63.898,259267
2019-01-21,63.425,63.52,62.497,62.952,97693
2019-01-22,62.952,63.046,62.497,62.762,172370
2019-01-23,62.497,62.687,61.835,62.478,188410
2019-01-24,62.478,63.292,61.91,62.952,248123
2019-01-25,63.255,64.523,62.535,64.182,215142
2019-01-28,64.107,64.277,63.008,64.05,127627
2019-01-29,63.671,64.315,63.046,63.425,161105
2019-01-30,63.539,65.129,62.497,62.573,230281
2019-01-31,63.898,64.921,63.236,64.656,340441
2019-02-01,64.353,65.886,63.52,65.886,216071
2019-02-04,65.792,67.401,65.602,66.454,185777
2019-02-05,66.511,66.738,65.148,66.625,103066
2019-02-06,66.17,66.984,65.167,65.186,171166
2019-02-07,65.186,65.186,63.52,63.52,155687
2019-02-08,63.425,63.747,62.687,62.952,190783
2019-02-11,62.762,63.652,61.854,61.854,188846
2019-02-12,62.478,62.554,61.361,61.57,203894
2019-02-13,61.948,61.948,59.354,59.752,309703
2019-02-14,60.206,60.339,58.73,59.07,376739
2019-02-15,58.976,59.809,58.54,59.657,453885
2019-02-18,59.922,60.377,56.325,57.556,403620
2019-02-19,57.594,57.594,56.231,56.761,371967
2019-02-20,57.272,58.786,56.893,58.502,385468
2019-02-21,58.692,59.506,57.48,58.086,308924
2019-02-22,57.934,59.146,57.934,58.313,309211
2019-02-25,58.578,59.317,57.045,57.329,251316
2019-02-26,57.366,57.575,56.079,57.234,239837
2019-02-27,56.988,58.01,56.496,56.609,227328
2019-02-28,56.704,57.026,54.224,54.527,373450
2019-03-01,53.959,55.625,53.959,55.095,360282
2019-03-04,55.36,56.098,54.47,54.773,172440
2019-03-05,54.905,55,53.163,53.372,206391
2019-03-06,53.864,54.337,52.652,52.879,240413
2019-03-07,52.539,54.413,52.539,53.769,254309
2019-03-08,53.485,53.788,52.179,52.766,149073
2019-03-11,53.296,53.902,52.993,53.239,177120
2019-03-12,53.58,55.208,53.58,54.905,315795
2019-03-13,55.151,57.366,54.886,57.272,327538
2019-03-14,57.48,58.843,55.095,55.397,316043
2019-03-15,53.675,55.663,51.876,55.511,1320965
2019-03-18,55.511,59.449,54.659,58.124,395413
2019-03-19,58.143,59.619,56.893,58.881,737530
2019-03-20,59.335,59.392,57.972,58.446,199676
2019-03-21,58.446,59.373,58.332,58.692,413884
2019-03-22,59.108,59.354,58.143,59.165,217934
2019-03-25,58.881,58.881,57.272,58.2,253785
2019-03-26,58.597,58.597,57.556,58.408,175706
2019-03-27,58.408,59.146,57.972,58.408,146288
2019-03-28,58.54,58.881,57.082,57.158,172876
2019-03-29,57.139,58.446,56.95,57.745,247475
2019-04-01,57.934,59.26,57.745,58.739,178734
2019-04-02,58.502,59.922,58.502,59.544,223037
2019-04-03,59.733,61.011,59.733,60.964,210872
2019-04-04,61.058,61.058,58.124,58.644,165860
2019-04-05,58.644,59.307,56.42,57.272,349262
2019-04-08,56.846,57.65,56.136,57.603,146236
2019-04-09,57.65,58.408,56.656,56.704,222766
2019-04-10,56.704,58.171,56.609,57.366,351233
2019-04-11,57.272,57.461,56.278,56.704,171093
2019-04-12,56.609,57.177,56.089,56.183,87187
2019-04-15,56.183,56.515,55.426,55.663,73380
2019-04-16,56.183,56.325,55.237,55.899,106945
2019-04-17,55.852,57.556,55.852,56.94,159426
2019-04-18,56.515,56.562,55.284,55.615,158532
2019-04-23,55.615,56.94,55.615,56.846,82039
2019-04-24,56.846,57.603,55.426,56.467,272085
2019-04-25,56.467,57.177,56.231,56.893,292495
2019-04-26,56.467,57.272,55.426,56.183,166336
2019-04-29,56.041,56.94,55.615,55.757,127986
2019-04-30,55.615,55.757,54.337,54.953,164685
2019-05-02,54.432,54.479,53.201,53.438,203154
2019-05-06,52.823,53.817,52.539,53.059,178080
2019-05-07,53.012,53.012,48.657,49.604,646338
2019-05-08,49.367,50.077,47.143,47.2,292868
2019-05-09,46.385,47.521,44.227,44.681,389604
2019-05-10,45.439,48.279,45.439,47.332,357097
2019-05-13,47.663,48.563,46.045,46.613,145354
2019-05-14,46.859,47.521,45.268,46.291,364664
2019-05-15,46.859,47.313,45.893,46.65,160286
2019-05-16,46.859,47.947,46.101,46.878,193677
2019-05-17,49.225,50.977,48.468,50.551,352518
2019-05-20,50.645,52.302,50.03,50.645,411689
2019-05-21,51.024,51.829,49.699,51.545,268755
2019-05-22,51.592,51.687,50.219,50.929,173513
2019-05-23,50.882,50.882,48.373,48.61,120833
2019-05-24,48.373,49.509,47.616,49.509,116993
2019-05-27,49.178,49.509,47.9,48.752,42696
2019-05-28,48.326,48.847,46.385,46.385,586376
2019-05-29,46.385,47.569,46.177,46.632,250950
2019-05-30,47.332,48.941,47.2,47.521,240657
2019-05-31,47.474,47.663,46.385,47.521,307749
2019-06-03,46.972,50.503,46.934,50.125,314860
2019-06-04,50.314,52.444,48.373,48.563,454462
2019-06-05,48.752,49.036,48.137,48.184,111485
2019-06-06,48.137,48.421,46.253,46.329,321670
2019-06-07,46.669,47.143,46.291,46.972,73440
2019-06-10,47.048,47.256,45.78,46.139,193360
2019-06-11,45.931,46.139,43.167,43.356,608381
2019-06-12,43.262,43.564,41.217,41.463,421341
2019-06-13,41.482,42.504,41.463,41.482,378200
2019-06-14,41.652,42.769,41.633,42.126,298994
2019-06-17,42.599,42.637,41.785,42.144,135581
2019-06-18,41.898,43.129,41.898,43.11,234190
2019-06-19,43.091,43.924,41.86,42.163,194895
2019-06-21,42.41,42.41,40.478,40.478,653787
2019-06-24,40.478,42.41,40.478,41.766,181439
2019-06-25,41.766,42.826,41.179,41.501,171073
2019-06-26,41.879,42.864,41.444,42.315,247601
2019-06-27,43.072,45.382,42.712,45.363,350772
2019-06-28,45.439,45.912,43.886,44.681,254506
2019-07-01,44.7,45.59,43.337,43.375,229481
2019-07-02,43.375,44.492,42.694,44.492,161872
2019-07-03,44.587,45.212,43.072,43.356,196741
2019-07-04,43.64,43.697,42.788,43.167,98241
2019-07-05,43.451,43.697,41.993,41.993,192337
2019-07-08,42.126,42.504,41.33,41.425,419920
2019-07-09,41.652,42.599,41.425,42.485,162640
2019-07-10,42.599,43.811,42.599,43.299,260858
2019-07-11,43.792,43.792,42.428,42.788,157570
2019-07-12,43.129,43.28,42.58,42.618,91453
2019-07-15,42.731,43.356,42.561,42.864,75192
2019-07-16,42.959,43.129,41.406,41.823,231122
2019-07-17,41.633,42.182,40.403,40.592,225989
2019-07-18,40.611,40.971,40.232,40.308,105858
2019-07-19,40.8,41.539,40.554,40.952,189259
2019-07-22,41.293,41.293,40.043,40.081,129684
2019-07-23,40.327,40.403,39.57,39.683,150681
2019-07-24,39.589,39.589,38.15,39.286,280722
2019-07-25,39.551,40.554,38.926,40.327,395943
2019-07-26,40.327,40.611,39.891,40.422,257105
2019-07-29,40.232,40.554,38.85,39.039,145346
2019-07-30,39.039,39.286,37.904,38.017,171751
2019-07-31,38.074,38.169,36.73,37.033,370175
2019-08-01,37.07,37.525,34.836,35.215,365297
2019-08-02,35.101,35.291,33.965,34.003,267741
2019-08-05,33.89,34.912,32.943,33.076,266312
2019-08-06,33.246,34.079,32.28,32.432,408989
2019-08-07,32.716,33,32.053,32.167,306167
2019-08-08,32.659,33.984,32.659,33.871,326843
2019-08-09,34.117,34.95,32.924,33.852,289568
2019-08-12,33.435,33.7,31.296,31.315,423951
2019-08-13,31.428,34.931,31.391,34.742,498504
2019-08-14,35.007,35.026,32.053,32.091,623760
2019-08-16,32.224,32.83,30.217,31.845,413907
2019-08-19,32.432,33.852,32.432,33.095,504988
2019-08-20,33.322,33.322,31.466,32.243,436651
2019-08-21,32.337,33.284,31.542,31.561,520740
2019-08-22,31.428,31.656,30.539,30.614,283527
2019-08-23,31.523,31.978,29.497,30.16,472430
2019-08-26,29.8,30.4,29.22,29.38,285120
2019-08-27,29.3,29.82,28.12,28.52,681228
2019-08-28,28.4,28.4,27.22,27.7,464227
2019-08-29,27.58,29.5,27.22,28.88,403522
2019-08-30,29,30.14,29,29.72,371751
2019-09-02,30,30.1,28.72,29.14,240875
2019-09-03,29.16,29.16,27.54,27.68,352749
2019-09-04,27.96,28.16,26.34,26.5,615326
2019-09-05,26.98,28.54,26.1,28.32,579789
2019-09-06,28.34,29.36,27.68,28.38,586195
2019-09-09,28.2,29.46,28,28.2,369360
2019-09-10,28.32,28.46,27.4,28.06,387066
2019-09-11,28.16,29,27.54,28.04,497977
2019-09-12,28.26,28.7,27.7,28.1,296510
2019-09-13,28.2,28.58,27.84,28.02,173274
2019-09-16,28.38,28.92,27.86,28.86,393683
2019-09-17,28.8,29.12,28.06,28.4,528931
2019-09-18,28.4,28.4,27.74,27.96,440721
2019-09-19,27.9,27.9,26.3,26.4,624311
2019-09-20,26.4,26.66,25.96,26,580616
2019-09-23,26.18,26.48,23.62,24.08,896524
2019-09-24,24,24.3,22.86,23.76,684549
2019-09-25,23.88,23.94,22.76,23.26,544393
2019-09-26,23.66,23.78,22.58,22.66,591925
2019-09-27,22.66,23.28,22.12,22.98,498604
2019-09-30,23.16,23.18,21.46,21.78,674462
2019-10-01,22.1,22.1,21.02,21.46,826538
2019-10-02,21.4,21.64,20.26,20.26,772505
2019-10-03,20.12,20.96,19.49,20.1,770577
2019-10-04,20.48,21.16,20.1,20.66,848792
2019-10-07,21.2,21.2,19.85,20.08,785064
2019-10-08,20,20.22,19.1,19.13,917831
2019-10-09,19.15,20.38,18.83,20,993683
2019-10-10,20.5,21.28,20.04,21.24,1416116
2019-10-11,21.86,23.88,21.6,23.4,2066251
2019-10-14,24,24.36,21.5,21.5,2075210
2019-10-15,21.64,22.58,20.32,20.7,2057965
2019-10-16,20.7,21.1,20.24,20.5,767686
2019-10-17,20.56,20.8,19.78,19.8,1402327
2019-10-18,19.86,19.92,18.86,19.03,2418435
2019-10-21,19.2,22.14,19.15,22.14,2101775
2019-10-22,22.48,22.8,20.24,20.74,2376929
2019-10-23,20.74,21.2,19.85,20.02,1379130
2019-10-24,20.16,20.84,19.52,20.2,1318833
2019-10-25,20.46,21.16,20.22,20.64,1156676
2019-10-28,20.96,20.96,19.82,20.12,1440071
2019-10-29,20.2,20.9,20.02,20.38,734494
2019-10-30,20.42,20.42,19.7,19.85,876076
2019-10-31,19.9,19.97,19.08,19.36,1277868
2019-11-04,19.6,20.56,17.42,20.56,3520555
2019-11-05,20.98,21.86,20.56,21.42,2609640
2019-11-06,21.4,22.4,21.06,21.8,1200866
2019-11-07,22,22.14,20.8,21.06,1364015
2019-11-08,20.72,21.54,19.62,20.8,2704509
2019-11-12,21.46,21.46,20,20,1330428
2019-11-13,20,20.34,19.7,19.97,653122
2019-11-14,19.98,20.98,19.83,20.58,908011
2019-11-15,20.64,20.84,20.06,20.28,490635
2019-11-18,20.3,20.8,20.08,20.36,722470
2019-11-19,20.36,20.8,20.36,20.56,444508
2019-11-20,20.7,20.7,20.14,20.44,714688
2019-11-21,20.34,21.08,20,20.88,1082733
2019-11-22,21.5,22.18,20.72,20.86,1701176
2019-11-25,20.86,21.38,20.22,20.22,1166088
2019-11-26,20.32,21.14,20.06,21,6904436
2019-11-27,21.26,21.58,20.6,20.8,1260774
2019-11-28,20.7,21.16,20.58,20.7,280217
2019-11-29,20.7,21.22,20.44,20.9,786382
2019-12-02,21,21.48,20.44,20.44,972564
2019-12-03,20.4,20.6,19.53,19.6,1308433
2019-12-04,19.5,19.93,18.8,18.8,2025376
2019-12-05,18.95,19.19,18.38,18.87,1005849
2019-12-06,18.88,19.86,18.48,19.63,925175
2019-12-09,19.7,20.52,19.39,20.52,1005236
2019-12-10,20.48,21.04,20.24,20.48,1026828
2019-12-11,20.48,20.66,19.9,20.36,600065
2019-12-12,20.4,20.78,20.3,20.76,530785
2019-12-13,20.92,21.18,20.54,20.56,609697
2019-12-16,20.54,20.74,20.32,20.6,262174
2019-12-17,20.68,20.76,20.12,20.56,417785
2019-12-18,20.5,20.52,19.9,20.2,990932
2019-12-19,20.24,20.32,19.82,20,581294
2019-12-20,20,20.3,19.81,19.81,976091
2019-12-23,19.81,20.16,19.67,20.02,639872
2019-12-27,20.16,20.88,20.1,20.6,632619
2019-12-30,20.66,21.42,20.44,21.38,999221
2020-01-02,21.86,24.24,21.68,24.24,2279639
2020-01-03,23.96,24.14,23.14,23.28,1517380
2020-01-07,23.74,24.58,23.68,24.22,1477786
2020-01-08,23.98,25.5,21.7,21.88,3412091
2020-01-09,22.3,22.74,21.44,22.44,1971931
2020-01-10,22.94,22.98,22.22,22.54,901070
2020-01-13,22.9,22.9,22.32,22.7,749645
2020-01-14,22.86,24.16,22.8,23.64,1609072
2020-01-15,23.7,23.92,23.2,23.58,619121
2020-01-16,23.7,23.72,22.7,23.1,984845
2020-01-17,22.9,23.2,22.42,22.68,600074
2020-01-20,22.9,22.9,21.52,21.64,1247202
2020-01-21,21.5,21.82,20.88,21.14,981897
2020-01-22,21.12,21.66,20.78,20.94,636518
2020-01-23,20.8,21.08,20.34,20.56,634891
2020-01-24,20.58,20.88,20.5,20.54,325458
2020-01-27,20.38,20.44,19.04,19.2,1133956
2020-01-28,19.36,20.14,18.6,20.14,1175591
2020-01-29,20.32,20.9,19.91,19.99,936354
2020-01-30,19.5,19.74,19.1,19.25,831301
2020-01-31,19.25,19.4,18.6,18.8,1188612
2020-02-03,18.8,19.86,17.55,19.71,1962088
2020-02-04,20.3,20.6,19.28,19.78,1314946
2020-02-05,19.71,19.96,19.24,19.24,723542
2020-02-06,19.27,19.49,18.55,18.89,736380
2020-02-07,18.95,19.07,18.47,18.79,808446
2020-02-10,19,19.06,18.12,18.2,554424
2020-02-11,18.38,18.54,17.91,18.35,686869
2020-02-12,18.56,19.1,18.37,18.84,940206
2020-02-13,18.68,18.8,17.96,18.02,1099243
2020-02-14,18.1,18.32,17.68,17.88,768587
2020-02-17,17.94,18.38,17.77,18.3,334137
2020-02-18,18.12,18.24,17.85,17.85,491705
2020-02-19,17.84,17.98,17.04,17.18,1830643
2020-02-20,17.1,17.16,16.01,16.01,1345616
2020-02-21,16,16.46,15.2,16.01,1237248
2020-02-24,15.5,15.77,14.74,14.75,1456556
2020-02-25,14.8,15.16,14.23,14.31,1209698
2020-02-26,14.01,14.63,13.73,14.3,1390378
2020-02-27,14.1,14.14,12.94,13.11,1612924
2020-02-28,12.44,14.98,12.11,13.53,3443956
2020-03-02,14.5,14.73,13.56,14.19,1733034
2020-03-03,14.55,15.35,14.25,15.15,2306907
2020-03-04,15.2,15.2,14.53,14.54,933222
2020-03-05,14.86,14.87,13.8,14.15,856891
2020-03-06,13.8,13.95,13.26,13.85,1091974
2020-03-09,12.8,13.21,12.16,12.5,1436022
2020-03-10,12.7,12.96,11.92,12.08,1271177
2020-03-11,12.18,12.35,10.81,10.85,1602381
2020-03-12,10.1,10.24,9.13,9.13,2265492
2020-03-13,9.74,10.75,9.41,10,2468884
2020-03-16,10,11.64,9.51,11.5,1966435
2020-03-17,12,14.3,11.72,13.98,3150873
2020-03-18,14,15,12.6,13.25,3674042
2020-03-19,13.3,14.15,13,14,1542094
2020-03-20,14.3,14.64,13.48,13.61,2285135
2020-03-23,12.65,12.98,12.19,12.5,1493743
2020-03-24,13.25,13.47,12.65,13,1034689
2020-03-25,13.5,13.59,12.39,12.84,961015
2020-03-26,12.65,12.99,12.45,12.85,635228
2020-03-27,12.97,13.25,12.6,12.75,1081957
2020-03-30,12.75,12.85,12.14,12.45,1045374
2020-03-31,12.5,12.76,12.1,12.44,1285295
2020-04-01,12,12.34,11.585,11.65,1444243
2020-04-02,11.8,12.03,11.535,12.03,1331175
2020-04-03,11.7,12.1,11.55,11.965,940862
2020-04-06,12.2,12.96,12.115,12.8,1381232
2020-04-07,13.21,13.495,12.545,12.55,1887916
2020-04-08,12.59,12.935,12.3,12.86,902313
2020-04-09,12.99,13.29,12.7,13.09,794437
2020-04-14,13.4,14.8,13.38,14.52,2487007
2020-04-15,15,15.185,13.61,13.81,2001599
2020-04-16,13.85,13.895,13.395,13.62,989017
2020-04-17,14.12,14.41,13.5,13.62,1160739
2020-04-20,13.64,13.7,13.125,13.3,764303
2020-04-21,13,13.18,12.33,12.52,1164072
2020-04-22,12.6,13.04,12.125,12.98,693750
2020-04-23,13.23,13.97,13.06,13.97,978015
2020-04-24,13.65,13.9,13.31,13.35,622649
2020-04-27,13.69,13.85,12.86,13.05,747545
2020-04-28,13.2,13.7,12.915,13.04,489844
2020-04-29,13.1,13.72,12.9,13.72,658101
2020-04-30,13.79,14.46,13.45,13.69,1090851
2020-05-04,13.29,13.45,13.04,13.31,590118
2020-05-05,13.39,13.62,13.27,13.3,576967
2020-05-06,13.3,13.37,12.52,12.525,1108239
2020-05-07,12.5,12.83,12.17,12.535,741752
2020-05-08,12.8,12.8,12.32,12.66,401868
2020-05-11,12.7,12.85,12.39,12.47,363702
2020-05-12,12.47,12.91,12.35,12.885,367975
2020-05-13,12.885,13.38,12.66,13.115,716159
2020-05-14,13,13.11,12.275,12.61,669024
2020-05-15,12.9,13.05,12.655,12.955,454942
2020-05-18,13.1,13.54,13.09,13.41,789527
2020-05-19,13.7,13.79,13.27,13.6,722213
2020-05-20,13.48,13.98,13.31,13.895,729478
2020-05-21,13.895,14.53,13.5,14.05,935638
2020-05-22,13.09,13.55,12.8,13.025,1588532
2020-05-25,13.2,13.65,13.2,13.62,623688
2020-05-26,13.9,14.3,13.74,14.3,879303
2020-05-27,14.4,15.995,14.34,15.38,3089473
2020-05-28,15.62,16.7,15.14,15.335,2202071
2020-05-29,15.335,16.69,15.335,16.535,1483243
2020-06-01,17,17.64,16.775,17.5,1442401
2020-06-02,17.89,18.25,17.3,18,1495351
2020-06-03,18.3,19.5,18.09,19.065,2147869
2020-06-04,19.3,20.09,18.43,19.84,2478976
2020-06-05,20.1,21.7,20.1,21.14,2582478
2020-06-08,21.98,22.04,18.8,19.2,4493772
2020-06-09,18.835,20.5,17.9,20.06,3922511
2020-06-10,20.06,20.6,19.29,20.1,1434422
2020-06-12,18.6,19.99,18.4,19.38,1263215
2020-06-15,18.63,19.45,18.59,19.04,750950
2020-06-16,19.99,20.14,19.5,19.8,980506
2020-06-17,19.99,20.1,18.515,18.63,1244927
2020-06-18,18.63,19.105,18.2,18.7,826299
2020-06-19,18.7,19.39,18.44,19.11,1025338
2020-06-22,19.16,19.86,18.855,19.82,827490
2020-06-23,20.08,20.9,19.8,19.8,1423692
2020-06-24,19.95,20.17,19.16,19.2,615145
2020-06-25,19,19.45,18.6,19.185,641487
2020-06-26,19.28,19.5,18.4,18.405,622500
2020-06-29,18.45,18.92,18.04,18.8,579106
2020-06-30,18.89,19,18.57,18.7,235362
2020-07-01,18.8,18.81,18.1,18.64,275791
2020-07-02,18.7,19.25,18.6,18.82,393836
2020-07-03,19,19.15,18.84,18.84,234379
2020-07-06,19.33,20.1,19,19.92,732809
2020-07-07,19.92,20.2,19.405,20.1,460308
2020-07-08,20.1,20.45,19.84,20.19,422031
2020-07-09,20.19,20.4,19.52,19.52,397559
2020-07-10,19.38,19.785,19.06,19.63,348209
2020-07-13,19.8,20.6,19.8,20.38,682958
2020-07-14,20,20.1,19.25,19.4,728564
2020-07-15,19.65,20.2,19.22,19.9,558538
2020-07-16,19.9,19.9,19.4,19.5,215855
2020-07-17,19.55,19.55,19.18,19.41,307351
2020-07-20,19.69,19.95,19.3,19.8,355170
2020-07-21,19.8,20.29,19.795,19.84,510186
2020-07-22,19.865,20.3,19.775,20,345987
2020-07-23,20.02,20.21,19.4,19.41,316746
2020-07-24,19.3,19.59,18.75,19.3,352344
2020-07-27,19.2,19.455,19,19.1,346647
2020-07-28,19.1,19.18,18.32,18.5,584934
2020-07-29,18.4,18.44,16.72,16.75,1442649
2020-07-30,16.42,16.51,15.32,15.36,1295168
2020-07-31,15,16.9,14.965,16.495,1010503
2020-08-03,17,17.485,16.34,17.395,549035
2020-08-04,17.5,17.71,16.6,16.89,559328
2020-08-05,17.2,17.6,17.02,17.1,381980
2020-08-06,17.245,17.275,16.2,16.39,462217
2020-08-07,16.43,16.46,15.88,16.02,363060
2020-08-10,16.02,16.62,15.985,16.3,332052
2020-08-11,16.88,17.055,16.385,16.72,407489
2020-08-12,16.72,16.72,16.27,16.37,334812
2020-08-13,16.3,16.845,16.28,16.3,263427
2020-08-14,16.32,16.32,15.865,16.2,297157
2020-08-17,16.2,16.775,16.025,16.64,230277
2020-08-18,16.5,16.72,16.05,16.345,332719
2020-08-19,16.345,16.35,15.46,15.53,504801
2020-08-20,15.5,15.75,14.835,15.1,498677
2020-08-21,14.8,15.32,14.4,15.32,636378
2020-08-24,15.34,16.505,15.245,16.485,541371
2020-08-25,16.6,16.74,15.39,15.39,852250
2020-08-26,15.42,15.76,15.09,15.44,431442
2020-08-27,15.44,15.75,15.255,15.44,257101
2020-08-28,15.5,15.57,15.175,15.26,253554
2020-08-31,15.3,15.76,15.265,15.705,420874
2020-09-01,15.705,15.705,14.66,15.18,1166828
2020-09-02,15.15,15.68,15.05,15.37,295730
2020-09-03,15.41,15.78,15.32,15.45,401120
2020-09-04,15.39,16.49,15.295,16.2,979881
2020-09-07,16.55,21.88,16.5,21.7,3872044
2020-09-08,22.21,26.94,18.85,20.14,8218957
2020-09-09,19.51,21.4,19.1,20.2,2684949
2020-09-10,20.3,23.3,19.31,21.31,2557022
2020-09-11,21.44,23.41,21.32,23.15,2903992
2020-09-14,24.2,25.4,23.6,23.9,2524142
2020-09-15,23.9,25.75,22.73,25.4,2661349
2020-09-16,26,28.32,25.15,28.32,3216288
2020-09-17,27.26,29.95,26.39,27.83,4243569
2020-09-18,27.83,28.86,27.63,28.02,1380866
2020-09-21,27.68,27.9,24.2,24.71,3312273
2020-09-22,24.64,26.43,24.32,25,1916624
2020-09-23,25.4,25.67,23.2,23.21,1855990
2020-09-24,22.8,24.14,22.1,23.55,1537884
2020-09-25,24,27.27,23.73,24.32,2559011
2020-09-28,25.2,27.31,25,27.31,1906623
2020-09-29,27.3,27.9,25.55,25.55,1135066
2020-09-30,25.01,26.24,24.5,25.65,799155
2020-10-01,26.1,26.47,24.7,25,705966
2020-10-02,24.5,24.99,23.9,24.21,794657
2020-10-05,24.7,26.85,24.7,26.56,1475018
2020-10-06,26.45,27.2,26,26.24,865446
2020-10-07,26.2,26.5,25.52,26.31,639146
2020-10-08,26.35,26.76,24.5,24.72,1227022
2020-10-09,24,24.8,22.56,24.48,1762636
2020-10-12,24.96,25.75,23.8,24.82,1123703
2020-10-13,24.59,25.14,24,24,559402
2020-10-14,24,25.12,23.9,24.01,842763
2020-10-15,23.8,23.9,21.56,21.84,1332647
2020-10-16,21.8,22.57,20.82,22.2,884613
2020-10-19,22.05,22.73,21.14,21.4,606945
2020-10-20,21.04,21.41,20.21,20.21,936467
2020-10-21,20.32,20.9,20.03,20.27,535855
2020-10-22,20.12,20.27,19.375,19.51,1355117
2020-10-23,19.51,20.66,19.45,20.28,642728
2020-10-26,20.48,20.49,18.845,18.845,760987
2020-10-27,18.86,19.44,17.95,18.4,974325
2020-10-28,18,18.25,15.8,16.005,1445512
2020-10-29,16.05,16.68,15.355,15.56,1530147
2020-10-30,15.2,15.7,14.845,15.19,1088077
2020-11-02,15.45,17.3,15.23,17.1,1531558
2020-11-03,17.3,19.6,17.29,19.145,2625913
2020-11-04,19.525,19.6,17.1,18.2,2210184
2020-11-05,18.68,18.99,18.11,18.33,856467
2020-11-06,18,18.43,17.205,17.78,931539
2020-11-09,18.4,20.22,17.45,19.6,2385302
2020-11-10,19.66,19.66,18.72,18.775,1450037
2020-11-12,18.775,19.95,18.765,19.775,1061634
2020-11-13,19.7,19.86,18.9,19.03,520859
2020-11-16,19.5,19.81,19.1,19.705,750451
2020-11-17,19.7,23.8,19.25,22.56,3853432
2020-11-18,22.2,22.74,21.16,21.34,1582991
2020-11-19,21.3,21.3,19.89,20.03,1410981
2020-11-20,20.18,21.47,20.16,20.8,1172666
2020-11-23,21.1,21.93,20.97,21.2,991262
2020-11-24,21.59,22.8,21.55,22.77,1409375
2020-11-25,23.19,23.9,22.73,23.41,1497303
2020-11-26,23.68,25.1,23.45,24.9,1516092
2020-11-27,24.9,25.6,23.3,23.71,1437749
2020-11-30,23.1,24.8,22.44,24.47,1534703
2020-12-01,25,25.2,23.6,23.6,908565
2020-12-02,23.6,24.3,23.14,24.3,511403
2020-12-03,24.55,25.72,24.28,25.59,1376984
2020-12-04,25.49,26.35,24.82,25.95,1190607
2020-12-07,25.9,26.48,25.24,25.53,1041857
2020-12-08,25.5,25.98,25.3,25.55,851782
2020-12-09,25.68,27.48,25.6,27.2,2292876
2020-12-10,27.3,27.89,26.33,27,1176411
2020-12-11,27.79,28.32,27.03,27.8,1523883
2020-12-14,27.8,28.32,25.6,26.1,1899578
2020-12-15,26.3,27.19,25.74,27.1,1112890
2020-12-16,26.81,28.14,26.8,27.21,1282494
2020-12-17,27.3,27.8,25.75,25.93,1148933
2020-12-18,25.6,26.49,25.26,25.96,949593
2020-12-21,25.1,25.5,23.38,25.17,1434750
2020-12-22,25.14,25.85,24.82,25.17,567934
2020-12-23,25.5,25.98,25.27,25.8,527741
2020-12-28,26.1,26.7,25.9,25.96,731608
2020-12-29,26.67,26.82,25.36,26.09,840077
2020-12-30,26,26.19,25.6,25.95,507270
2021-01-04,26.13,27.46,26.1,27.07,956609
2021-01-05,27.06,27.4,25.91,26.02,806084
2021-01-07,26.67,26.95,25.61,26.88,1012009
2021-01-08,27.15,27.46,26.29,26.7,644652
2021-01-11,26.2,26.67,25.53,26.08,630602
2021-01-12,26.15,26.42,25.64,26.13,380180
2021-01-13,26.26,26.29,25.44,25.8,434921
2021-01-14,25.8,26.79,25.67,26.79,694902
2021-01-15,26.82,28.89,26.4,28.3,2657934
2021-01-18,28.23,33.76,28.01,33.63,3971106
2021-01-19,34.5,37.4,32.15,33.1,4122858
2021-01-20,33.6,35.2,32.3,35,1886796
2021-01-21,35.88,35.9,31.1,31.32,2821644
2021-01-22,31.25,32.77,30.34,32.05,1600647
2021-01-25,32.75,32.94,31.27,31.59,616166
2021-01-26,31.4,34.05,31.3,33.26,1451978
2021-01-27,33.2,34,30.84,31.13,1218437
2021-01-28,31.02,32.59,30.19,32.4,1058407
2021-01-29,32,32.79,31.3,31.81,774380
2021-02-01,32.29,34.99,32.05,34.9,2275294
2021-02-02,35.4,36.27,33.5,34.8,1561116
2021-02-03,35.38,36,33.65,33.81,1314012
2021-02-04,33.61,34.53,33.1,33.43,587284
2021-02-05,33.96,35.23,33.66,35.05,782730
2021-02-08,36.1,39.68,35.92,39.59,3421664
2021-02-09,40.3,41,38.4,39.41,1810950
2021-02-10,40,42.16,39.62,40.18,1929281
2021-02-11,40.25,41.22,38.52,39.7,1401679
2021-02-12,39.7,39.9,38.1,38.43,764500
2021-02-15,39.29,41,38.3,41,819616
2021-02-16,41.1,42,39.2,39.3,1248798
2021-02-17,39.63,41.11,38.51,40.16,1123168
2021-02-18,40.31,41.3,39.65,39.71,880634
2021-02-19,39.6,40.33,39.04,39.85,596185
2021-02-22,38.9,39.46,38.6,38.6,623860
2021-02-23,38.61,39.3,36.03,36.96,1404686
2021-02-24,36.69,37.8,36.06,36.97,864928
2021-02-25,37.2,38.39,35.3,35.46,1016757
2021-02-26,34,35.56,32.8,35.28,1226165
2021-03-01,36.28,36.3,34.35,34.5,689694
2021-03-02,34.37,35.5,33.85,35,829388
2021-03-03,35,36.45,34.6,35.17,726633
2021-03-04,34.92,35.95,33.81,35.64,783485
2021-03-05,35,35.43,33.92,34.3,715587
2021-03-08,34.2,34.67,33.25,33.96,688726
2021-03-09,33.5,35.27,32.51,34.63,1408315
2021-03-10,34.9,35.74,33.6,33.7,970868
2021-03-11,34.38,34.45,33.55,34.2,503403
2021-03-12,34.3,34.5,33.6,34,440425
2021-03-15,34.02,34.15,32.8,32.91,915459
2021-03-16,32.5,32.5,31.12,31.13,1564290
2021-03-17,31.1,32.44,30,32.35,1933863
2021-03-18,32.97,33.19,31.05,31.84,929833
2021-03-19,31.2,31.48,30.07,30.16,1523872
2021-03-22,30.09,33,29.12,33,1390943
2021-03-23,33.1,33.19,30.81,30.81,1689656
2021-03-24,30.35,30.65,28.22,28.3,2033151
2021-03-25,28.3,29.25,27,28.41,1666635
2021-03-26,29.1,30.39,28.9,30.3,980262
2021-03-29,30.3,30.62,29.03,30.08,919609
2021-03-30,30.08,30.25,28.72,29.26,942710
2021-03-31,29.5,30.18,29.25,29.58,496303
2021-04-01,29.6,31.42,29.49,31.06,794769
2021-04-06,31.84,33.99,31.7,33.99,1417847
2021-04-07,34,34.09,32.71,32.96,947875
2021-04-08,32.9,33.2,31.79,31.88,787916
2021-04-09,31.86,33.25,31.63,32.6,895963
2021-04-12,32.64,32.76,31.8,31.95,470432
2021-04-13,31.98,32.48,31.5,31.58,532438
2021-04-14,32.27,32.72,31.79,32.2,622928
2021-04-15,32.4,33.14,32.2,32.62,636436
2021-04-16,32.7,33.12,32.35,32.5,599224
2021-04-19,32.7,34.47,32.58,33.03,1435325
2021-04-20,33.36,33.7,31.8,32,746370
2021-04-21,31.45,31.9,30.7,30.9,951099
2021-04-22,31.26,31.78,31,31.07,427691
2021-04-23,31,31.07,30.22,30.36,555577
2021-04-26,30.8,31.14,30.04,30.85,698791
2021-04-27,30.99,31.2,30.2,30.29,505338
2021-04-28,30.49,31.8,30.29,31.06,715629
2021-04-29,31.45,31.76,30.96,31.1,525840
2021-04-30,31,31.24,30.21,30.3,850782
2021-05-04,30.41,30.58,28.92,29,1148736
2021-05-05,29.1,29.89,29.03,29.46,609679
2021-05-06,29.61,31.8,29.61,30.87,1316661
2021-05-07,31.5,32.37,31.21,32.22,1012518
2021-05-10,32.99,33.58,30.5,30.54,1462092
2021-05-11,31,31.55,30.56,31.33,739657
2021-05-12,31.5,31.9,30.62,30.96,444460
2021-05-13,30.5,31.27,29.6,30.95,1025416
2021-05-14,31.28,31.4,30.18,30.9,438759
2021-05-17,31.33,31.79,30.89,31.45,534764
2021-05-18,31.76,32.24,30.64,31.89,896156
2021-05-19,31.8,32.26,31.25,32,660733
2021-05-20,32.04,32.33,30.9,31.29,960238
2021-05-21,30.8,32.69,30.5,31.94,1242682
2021-05-24,32.55,34.5,31.94,34.5,1954610
2021-05-25,35,35.49,33.53,33.86,1408783
2021-05-26,33.64,35.19,33.3,35.09,978557
2021-05-27,35.09,36.62,34.83,36.3,1364843
2021-05-28,36.83,37.42,35.91,36.31,1196568
2021-05-31,36.49,37.42,36.07,36.49,634915
2021-06-01,36.6,37.15,34.74,34.8,1068447
2021-06-02,35.09,35.65,34.8,34.85,739198
2021-06-04,35.01,36.55,34.5,35.6,1110098
2021-06-07,35.98,37.68,35.8,37.29,1154015
2021-06-08,36.5,36.79,36.1,36.3,870547
2021-06-09,36.38,36.7,34.73,35,1029767
2021-06-10,34.96,35.47,34.16,34.81,696191
2021-06-11,34.97,35.7,34.87,35.52,654455
2021-06-14,35.86,36.11,35.22,35.3,481722
2021-06-15,35.74,36.17,34.8,35.52,771250
2021-06-16,35.3,35.73,34.76,34.9,593826
2021-06-17,34.73,34.83,33.55,33.57,849510
2021-06-18,33.57,34.4,32.59,32.78,1239276
2021-06-21,32.5,33.3,31.5,33.27,1014823
2021-06-22,33.9,34.14,33.05,33.49,585889
2021-06-23,33.77,34.94,33.36,34.88,636426
2021-06-24,35,35.5,34.21,35.39,570370
2021-06-25,35.92,36.18,35.39,35.39,647892
2021-06-28,35.54,35.57,34.65,35.01,457102
2021-06-29,34.82,35.5,34.54,35.16,471857
2021-06-30,35,35.92,34.82,35.22,488335
2021-07-01,35.2,35.8,34.47,35.54,483907
2021-07-02,35.5,35.8,35.04,35.4,385435
2021-07-05,35.3,37.29,35.22,36.69,958519
2021-07-06,36.9,38.8,36.68,36.86,1567144
2021-07-07,37.1,38.19,36.59,36.59,806933
2021-07-08,36.45,36.52,35.53,35.7,784731
2021-07-09,36.07,36.65,35.71,36.5,394008
2021-07-12,36.5,36.66,34.91,35.39,759206
2021-07-13,35.51,36.09,34.62,34.72,668473
2021-07-14,34.81,36.12,34.6,35.21,973004
2021-07-15,35.8,36.38,34.66,34.98,667258
2021-07-16,35.1,35.46,34.2,34.27,649447
2021-07-19,34,34.4,32.5,32.5,1129115
2021-07-20,32.72,33.4,32.12,33.2,767578
2021-07-21,33.2,33.98,32.64,33.17,696828
2021-07-22,33.3,33.8,32.75,32.99,386355
2021-07-23,33.02,33.8,32.82,33.79,451980
2021-07-26,33.97,34.26,33.25,33.32,352605
2021-07-27,33.57,33.57,32.72,32.8,407753
2021-07-28,32.65,33.7,32.53,33.51,243153
2021-07-29,33.6,35.17,33.52,35.17,825086
2021-07-30,35,35.44,34.13,34.8,471044
2021-08-02,35,35.28,34.35,34.35,361209
2021-08-03,34.35,34.59,33.47,33.62,567313
2021-08-04,33.7,34.15,33.41,33.45,326757
2021-08-05,33.51,34.6,33.14,34.6,387456
2021-08-06,34.86,35.02,34.04,34.11,377899
2021-08-09,34.25,34.55,33.83,34.05,309125
2021-08-10,34.15,34.46,33.9,34.36,290836
2021-08-11,34.33,35.2,34.25,35.2,693913
2021-08-12,35.55,37.68,35.49,37.48,1823353
2021-08-13,37.8,38.08,36.5,36.5,878096
2021-08-16,36.7,37.78,36.12,37.27,583158
2021-08-17,37.4,38,36.12,36.12,731178
2021-08-18,36.5,36.6,35.3,35.35,628840
2021-08-19,34.69,34.69,33.44,34.1,1437916
2021-08-20,34.04,34.65,33.71,34.21,512305
2021-08-23,34.8,35.95,34.64,35.95,694411
2021-08-24,36.17,36.59,35.25,35.45,528934
2021-08-25,35.65,35.75,34.83,35.64,420456
2021-08-26,35.63,36.49,35.43,35.83,618265
2021-08-27,36,36.7,35.87,36.6,448776
2021-08-30,36.95,39.52,36.95,39.24,2167989
2021-08-31,39.48,41.1,38.6,40.34,2079632
2021-09-01,40.4,42.48,40.38,41.8,2872620
2021-09-02,41.99,45.08,41.73,44.84,2675053
2021-09-03,45.1,45.85,43.2,45.6,1698373
2021-09-06,45.8,48.89,45.8,48.87,1553560
2021-09-07,49,51.26,45.35,48.8,2562245
2021-09-08,48.81,51.84,46.13,49.4,2245836
2021-09-09,49.15,51.98,48.74,51.98,1555209
2021-09-10,52.52,53.3,51.58,51.92,1358854
2021-09-13,52.02,54.74,52.02,54.22,1246330
2021-09-14,54.4,55.66,51.9,53.78,1680822
2021-09-15,54.06,56.4,52.8,56.2,1199601
2021-09-16,56.7,58.66,52.6,52.86,3099752
2021-09-17,52.12,54.54,51.32,54.4,2406826
2021-09-20,52.78,53.5,48.68,49.75,2927779
2021-09-21,49.64,51.98,47.41,48.74,2287186
2021-09-22,50.62,53.4,49.2,53.4,2138314
2021-09-23,54.98,55.84,51.32,51.8,2175437
2021-09-24,51.9,52.9,50.6,51.74,795852
2021-09-27,52.32,52.88,50.4,52.16,676161
2021-09-28,52.78,53.6,51.2,51.6,771710
2021-09-29,51.06,52.5,50.66,51.84,601776
2021-09-30,53,55.74,52.52,55.74,1946494
2021-10-01,55,57.2,54.54,55.4,1349720
2021-10-04,56.4,58.3,55.8,56,1501477
2021-10-05,56.7,57.72,54.9,57.6,1091007
2021-10-06,57.76,58.88,56.2,57.68,1171919
2021-10-07,57.3,58.02,55.38,56.2,949893
2021-10-08,55.5,56.7,55,55,674689
2021-10-11,55.94,58.3,55.66,58.24,1098013
2021-10-12,58.1,60.64,57.8,60.6,1342861
2021-10-13,60.4,61.94,59.74,59.88,914999
2021-10-14,60,61.6,54.04,54.86,2260207
2021-10-15,56,56.38,54.32,56.26,960736
2021-10-18,56.8,61.2,56.76,61.1,1278728
2021-10-19,62,62.48,55.02,55.36,2181214
2021-10-20,55.5,56.9,51.74,54.92,1925610
2021-10-21,53.6,54.76,51.52,51.6,1067982
2021-10-22,51.76,54.44,50.2,52,1082247
2021-10-25,52.6,54.74,52.56,54.14,1051707
2021-10-26,54.2,54.56,52.66,52.8,416366
2021-10-27,52,52.56,50.56,51.26,794532
2021-10-28,50.86,51.68,49.4,50.72,629841
2021-10-29,50.06,53.3,49.5,51.8,883047
2021-11-02,51,52.62,47.5,47.5,1458976
2021-11-03,47.88,49.51,47.1,48.7,896141
2021-11-04,49.06,51,48.45,49.49,630781
2021-11-05,49.62,49.98,48.6,49.34,292244
2021-11-08,49.2,52.28,48.8,52,550187
2021-11-09,51.98,52.5,49.28,49.28,506202
2021-11-10,49.3,50.02,44.84,45.26,1824400
2021-11-12,46.35,47,44.93,46.59,1018087
2021-11-15,46.02,47.39,41.77,42.73,2288974
2021-11-16,42.7,44.48,42,43.27,1241141
2021-11-17,43.52,44.2,42.5,42.6,588239
2021-11-18,44,44.5,40.31,40.51,1292328
2021-11-19,40.2,42.28,38.9,41,2133045
2021-11-22,41.2,42.3,39,42.18,1083563
2021-11-23,42.18,43.35,41.3,41.3,769936
2021-11-24,42.05,42.65,40.78,41.19,520406
2021-11-25,41.6,43,40.92,42.8,589835
2021-11-26,41,41.5,37.89,38.02,1489037
2021-11-29,39.2,39.64,37.14,39.49,1314399
2021-11-30,38.5,41.79,38.16,41.13,982312
2021-12-01,41.75,43.2,41.3,42.18,953316
2021-12-02,41.9,42.29,40.73,41.42,444159
2021-12-03,42.41,42.85,40.9,40.9,460284
2021-12-06,41.3,41.9,40,40.5,466938
2021-12-07,41.2,42.42,41.07,42.2,555050
2021-12-08,42.8,44.4,42.21,42.33,909173
2021-12-09,42.5,42.93,40,40.68,871481
2021-12-10,40.68,41.77,40,40.13,560860
2021-12-13,40.16,40.88,38.15,38.41,1000906
2021-12-14,38.3,40.29,37.3,39.76,1024030
2021-12-15,39.76,40.03,36.16,36.22,1191795
2021-12-16,37.5,38.9,37.26,38.9,1212331
2021-12-17,38.44,38.53,36.45,36.72,1637261
2021-12-20,35.73,36,33.8,35.05,2222289
2021-12-21,35.8,36.2,34.55,35.93,795867
2021-12-22,36.23,36.4,34.21,34.75,921944
2021-12-23,34.99,35.6,34.23,34.57,750345
2021-12-27,34.5,34.81,32.4,33.04,2053787
2021-12-28,32.82,35,32.6,33.99,2059293
2021-12-29,33.89,35.58,33.58,35.5,820899
2021-12-30,35.78,36.26,34.55,34.87,766292
2022-01-03,35.1,36.35,35.1,35.4,817655
2022-01-04,35.7,35.7,34.4,35.46,600686
2022-01-05,35.67,36.64,35.31,36.54,596848
2022-01-07,36.5,38.47,35.62,38.34,1019621
2022-01-10,39.3,40.1,37.62,38.31,1017877
2022-01-11,38.9,39.6,37.83,39.6,680467
2022-01-12,40,40.98,39.7,40.75,1029840
2022-01-13,40.5,41.23,40.15,40.4,697172
2022-01-14,40,40.7,39.62,40.01,646932
2022-01-17,41.5,42.7,40.72,41.53,1997867
2022-01-18,41.5,41.65,39.98,40.2,789469
2022-01-19,39.4,41.28,38.82,40.96,1027560
2022-01-20,40.97,41.58,39.62,40.3,460061
2022-01-21,39.4,39.86,38.1,38.65,782732
2022-01-24,38.2,39.29,33.88,34.4,2339876
2022-01-25,35.35,36,33.46,35.45,1699345
2022-01-26,35.99,38.37,35.9,37.8,1567051
2022-01-27,37,40,36.81,39.83,1330644
2022-01-28,39.98,40.43,38.77,40.3,943908
2022-01-31,40.96,42.5,39.55,39.55,1774601
2022-02-01,40,42.12,39.02,42.04,939019
2022-02-02,42.74,47.6,42.5,46.96,3355963
2022-02-03,46.5,47.28,44.61,44.85,1423080
2022-02-04,44.9,45.84,43.03,44.95,1225751
2022-02-07,45.72,46.39,44.57,45.53,620659
2022-02-08,45.23,45.99,44.67,45.98,599283
2022-02-09,46.5,48.8,46.49,48.8,1189562
2022-02-10,48.95,50.26,47.47,48.8,982460
2022-02-11,47.5,48.9,46.33,48.31,818747
2022-02-14,46.28,47.69,44.75,45.47,1393123
2022-02-15,45.7,48.89,45.5,48,1068805
2022-02-16,49,49.75,46.82,47.01,940079
2022-02-17,47.33,47.51,44.05,44.55,1122726
2022-02-18,44.5,45.71,43.46,44.52,758269
2022-02-21,45.5,45.9,40.95,41.85,1676518
2022-02-22,40.43,45.69,40.2,45.18,1575350
2022-02-23,46,47.3,43.8,44.09,1254292
2022-02-24,40,43.15,36.51,38.07,3282223
2022-02-25,41.5,42.27,39.5,41.8,1909169
2022-02-28,41.8,51.5,41.26,49.22,4272692
2022-03-01,54,55.92,50.48,54,3266171
2022-03-02,56.1,70.9,55.62,70.9,6227989
2022-03-03,77.88,77.98,61.2,67.7,6386768
2022-03-04,69.48,75.48,65.9,71.6,4643027
2022-03-07,75,83.96,66.84,71.4,6183844
2022-03-08,72.9,74.2,65.54,70.22,3193281
2022-03-09,72,72.8,63,64,2126797
2022-03-10,63.34,70.6,61.7,68.38,2001649
2022-03-11,70,71.52,66.32,70.5,1492471
2022-03-14,71,71.32,67.06,67.06,1028861
2022-03-15,66.8,67.3,63.52,67.28,1372306
2022-03-16,67.78,68.9,64.02,64.02,1146476
2022-03-17,65,72.28,63.62,72.28,1930096
2022-03-18,72.5,73.8,69.54,69.8,2346117
2022-03-21,70.7,72.3,69.78,71.4,899379
2022-03-22,71,75.48,70.36,74.5,1442279
2022-03-23,74.8,77.94,73.6,75.98,1345233
2022-03-24,75.9,77.3,73.4,76.84,967281
2022-03-25,75.92,77.7,74.6,75.24,931726
2022-03-28,74.9,78.8,74.34,78.58,1419011
2022-03-29,79.5,79.74,71.6,75.04,2730279
2022-03-30,76.94,79.8,76.16,79,1917379
2022-03-31,77.6,79.4,77,77.8,949634
2022-04-01,77.9,78.28,76,77,691261
2022-04-04,77,77,71.9,71.9,1779418
2022-04-05,71.9,74.8,69.54,72.5,2275649
2022-04-06,71.5,72.5,67.74,67.96,1618676
2022-04-07,68.14,70.08,65.88,66.8,1171657
2022-04-08,68.8,69.46,66.8,68.98,657535
2022-04-11,68.06,71.2,67.4,71.04,936123
2022-04-12,70.5,71.74,69.3,70.78,1041305
2022-04-13,72,72.4,70.08,70.92,574281
2022-04-14,71.38,74.92,71.38,74.5,1184865
2022-04-19,74.38,74.88,70.1,71.22,951067
2022-04-20,68.5,71.12,67.66,68.9,872702
2022-04-21,68.9,69.8,65.84,69.02,1203407
2022-04-22,67.42,67.9,64.22,64.34,1078388
2022-04-25,61,64.8,59,63.86,1559901
2022-04-26,64.34,67.46,63.68,65.22,997408
2022-04-27,66.06,69.1,65.4,66.72,836504
2022-04-28,67.64,70,66.86,69.9,809981
2022-04-29,71,71.44,67.62,67.62,568669
2022-05-02,66.72,67.8,65.02,66.54,365932
2022-05-04,66.22,69.6,66.22,69.6,492378
2022-05-05,71,71.1,63.44,63.44,1045033
2022-05-06,61.9,66.42,61.2,66.42,725737
2022-05-09,66.42,67.16,63.52,65.04,360411
2022-05-10,65.02,65.58,61.96,62.86,465960
2022-05-11,63,64.92,62.4,64.54,285240
2022-05-12,63,64.1,61.38,63.04,454468
2022-05-13,64.48,68,64.02,68,491125
2022-05-16,68.96,69.32,65.92,66.64,471887
2022-05-17,67.54,68.88,66.84,67.32,356710
2022-05-18,67.5,68.64,67.3,68,317098
2022-05-19,67.76,69.5,64.9,69.46,824297
2022-05-20,70,71.5,66.6,66.6,921298
2022-05-23,68,70,66.98,70,602885
2022-05-24,69,72.8,68.2,71.5,1023790
2022-05-25,72,72.2,69.14,69.56,454123
2022-05-26,69.6,69.94,67.02,67.9,528536
2022-05-27,68.04,69.18,67.3,68.5,360185
2022-05-30,69.4,69.7,67.06,67.5,309740
2022-05-31,67.74,68.2,66.4,66.4,561779
2022-06-01,66.68,66.7,64.12,64.7,477886
2022-06-02,64.9,67.34,64.54,67.34,361672
2022-06-03,67.98,68,65.66,65.8,270901
2022-06-06,66.78,68.7,66.02,67.7,421622
2022-06-07,67.7,70.2,67.12,70.2,532571
2022-06-08,70.6,73.86,69.12,69.98,1304414
2022-06-09,69.66,71.6,68.92,70.4,561287
2022-06-10,69.12,70.2,68,68.4,523929
2022-06-13,66.36,67,64.26,64.26,827001
2022-06-14,64,67.36,63.72,67.36,759514
2022-06-15,67.5,68.24,66,68.2,393833
2022-06-17,67.2,68.06,64.7,65.98,929673
2022-06-20,66.42,67.2,62.98,63.02,688486
2022-06-21,64,66.58,63.64,66.2,519126
2022-06-22,65,65.28,63.6,64.8,587222
2022-06-23,64.8,64.98,60.88,60.88,928668
2022-06-24,61.42,62.5,57.84,60.48,1045041
2022-06-27,61,63.9,60.44,63.8,580961
2022-06-28,63.98,66.28,62.8,64.36,1109543
2022-06-29,63.28,65.32,62.68,65.32,574745
2022-06-30,64.2,65.88,63.76,64.32,664367
2022-07-01,62.98,63.7,57.92,57.92,1952533
2022-07-04,58.16,59.44,56.24,58.9,614533
2022-07-05,59.12,59.42,50.5,50.98,2254325
2022-07-06,50.98,52.48,48,48,2041893
2022-07-07,48.5,52.18,48.5,52,1104887
2022-07-08,52,52.94,50.48,52.16,720675
2022-07-11,50.64,52.4,49.9,51.04,645841
2022-07-12,50.96,53.48,50.2,52.36,648779
2022-07-13,52.58,52.58,47.75,49.58,1175112
2022-07-14,49.99,52.08,48.7,49.86,691182
2022-07-15,50.8,50.84,49.22,50,503228
2022-07-18,50.22,53.32,50.22,52.5,843213
2022-07-19,52.5,52.62,50.8,51.98,644531
2022-07-20,52.5,53.4,51.1,52,494045
2022-07-21,52,52.24,49.9,50.22,515845
2022-07-22,50.4,51.24,50,50.2,366325
2022-07-25,50.52,51.04,49.62,49.87,368684
2022-07-26,50.1,51.18,47.22,48.1,822264
2022-07-27,48.12,48.64,46.26,47.96,465125
2022-07-28,48.6,49.84,47.57,48.08,492740
2022-07-29,48.99,50.68,48.38,50.42,612778
2022-08-01,50.9,51.66,50.2,51.1,395341
2022-08-02,50.14,50.74,48.66,49,443544
2022-08-03,49.23,49.48,48.3,48.64,236406
2022-08-04,49,49,46.76,46.76,541573
2022-08-05,46.9,48,44.69,47.76,533414
2022-08-08,48,49.38,47.26,49.38,313288
2022-08-09,49.4,49.78,47.68,48.2,356415
2022-08-10,48.19,49.55,47.7,48.7,407659
2022-08-11,49.44,49.44,48.33,48.72,188097
2022-08-12,48.91,51.64,48.9,50.38,779778
2022-08-16,50.9,51.48,50.3,50.54,414052
2022-08-17,50.2,50.68,47.82,48.9,600823
2022-08-18,48.88,55,48.51,55,1734804
2022-08-19,56,57.14,52.74,52.74,1312077
2022-08-22,52.04,54.22,51.58,53.5,536163
2022-08-23,53.5,56.22,52.8,55.9,737822
2022-08-24,55,55.58,53.1,53.1,490536
2022-08-25,53.9,54.96,52.52,52.86,426255
2022-08-26,52.54,53.16,51.64,51.64,286789
2022-08-29,51.32,53.3,49.86,53.3,439588
2022-08-30,54,54.6,49.5,49.52,874173
2022-08-31,50.04,51.18,47.07,47.56,846412
2022-09-01,47.4,47.44,44.22,44.28,911284
2022-09-02,45.5,45.5,42.22,43.11,998317
2022-09-05,42.46,43.97,41.99,42.48,687007
2022-09-06,42.95,43.4,38.9,39.32,1352645
2022-09-07,38.5,39.87,37.7,38.39,1250669
2022-09-08,39.18,40.02,37.5,38.02,809118
2022-09-09,38.86,40.38,38.5,39.74,1163396
2022-09-12,40,40.3,38.35,38.7,794708
2022-09-13,39.3,39.49,37.39,37.4,932372
2022-09-14,36.7,38.86,35.45,38.21,539228
2022-09-15,38.51,38.51,37.22,37.7,752221
2022-09-16,37.5,37.6,36.26,36.63,1243218
2022-09-19,37.19,38.19,36.66,38,706193
2022-09-20,38.84,39.4,37.05,37.29,576509
2022-09-21,37.29,38.12,36.77,37.75,545503
2022-09-22,37.7,39.28,37.12,38.72,472677
2022-09-23,38.5,38.5,37.3,37.6,548868
2022-09-26,36.5,36.5,33.37,33.94,1503121
2022-09-27,34,34.8,32.82,33.54,1249252
2022-09-28,33.51,34.3,32.5,33.82,777273
2022-09-29,34.2,34.76,32.4,33,587155
2022-09-30,33.23,33.81,32.52,33.34,545147
2022-10-03,33.35,35.14,32.32,35.14,579017
2022-10-04,36.5,36.62,34.91,36.6,625815
2022-10-05,36.2,36.6,35.53,36.06,348695
2022-10-06,36.47,36.68,35.3,35.7,244283
2022-10-07,35.7,36.65,35.42,36.3,319803
2022-10-10,36.02,36.3,33.82,33.89,400367
2022-10-11,33.7,35.36,33.38,34.56,473532
2022-10-12,35.01,35.98,33.84,35.62,615492
2022-10-13,35.63,36.63,35,36.4,650273
2022-10-14,37.22,38.08,36.51,37.18,749175
2022-10-17,37.3,38.16,36.9,37.75,299338
2022-10-18,38.12,38.44,36.17,36.25,347120
2022-10-19,36.57,37.36,35.89,36.36,264953
2022-10-20,36.49,37.55,35.77,37.29,283457
2022-10-21,37.01,37.29,35.68,36.12,253101
2022-10-24,36.9,37.3,35.53,37.3,323073
2022-10-25,37.66,38.1,36.69,37.71,422696
2022-10-26,37.95,40.49,37.5,40.49,894426
2022-10-27,40.1,41.4,39.37,40.41,586353
2022-10-28,39.8,42.01,39.4,41.22,552016
2022-10-31,41.48,43,41,41.54,504026
2022-11-02,41.71,43.45,41.49,43,839705
2022-11-03,42.4,45.35,42,45.35,903957
2022-11-04,45.7,48.38,45.7,47.58,1068482
2022-11-07,47.58,49.49,45.08,45.7,1338958
2022-11-08,45.5,48.28,45.4,47.9,672438
2022-11-09,48,48.7,47.06,48.38,454233
2022-11-10,47.4,48.1,45.62,47.2,1129567
2022-11-14,47.07,48.2,45.84,46.87,1231674
2022-11-15,46.9,47.74,45.92,47.21,708114
2022-11-16,46,48.1,45.94,46.56,644265
2022-11-17,46.4,46.99,45.33,45.86,578540
2022-11-18,46,47.08,45.6,46.37,438697
2022-11-21,46.34,46.34,44.44,45,923200
2022-11-22,45.3,47.19,45.3,46.4,659586
2022-11-23,46.77,47.8,46.25,46.54,406402
2022-11-24,46.71,47.45,45.94,47.45,442612
2022-11-25,47.48,47.8,46.9,47.34,304300
2022-11-28,47.32,49.92,47.11,49.47,711057
2022-11-29,51.6,57.4,51.6,57.4,2574827
2022-11-30,57.4,61.68,56.14,60.06,1904181
2022-12-01,61.92,62.6,57.04,58.02,1899039
2022-12-02,57.8,58.8,56.42,57.44,765213
2022-12-05,57.44,59.12,57.38,57.5,381754
2022-12-06,57,57.2,55.5,56.3,572767
2022-12-07,55.86,56.86,55.74,56.36,348429
2022-12-08,56.24,56.58,55,55.52,442304
2022-12-09,55.6,56.74,55.02,56.72,428522
2022-12-12,56,59.34,55.78,58.4,748457
2022-12-13,58.9,60.08,57.36,58.3,619808
2022-12-14,58.04,58.8,57.12,57.24,488253
2022-12-15,57,58.48,56.64,58.36,524052
2022-12-16,57,57.66,55.66,56.86,707754
2022-12-19,56.5,57.64,56.22,56.46,171549
2022-12-20,56,57.3,55.5,57.16,387035
2022-12-21,57.4,57.7,56.32,57.7,264447
2022-12-22,57.7,58.1,56.52,56.52,291383
2022-12-23,56.5,57.1,56.1,56.62,299117
2022-12-27,57,57.02,55,55,445217
2022-12-28,54.5,56.02,53.5,54.78,470910
2022-12-29,54.76,56.98,54.5,56.62,353703
2022-12-30,56.5,58.2,56.3,58.16,483261
2023-01-02,58.1,58.96,57,57.98,441668
2023-01-03,58,59.44,55,55,1009332
2023-01-04,55.1,58.38,55.1,57.5,1057871
2023-01-05,57.2,57.96,55.82,56.52,437120
2023-01-09,57.5,58.66,57.22,58.08,485484
2023-01-10,57.8,58.64,57.4,58.48,304702
2023-01-11,58.48,60.6,58.08,59.46,880894
2023-01-12,60,60.08,58.3,58.4,437338
2023-01-13,58.42,58.66,57.78,57.9,256252
2023-01-16,57.5,57.5,55.9,56.08,351173
2023-01-17,56.06,56.96,55.9,56.38,311393
2023-01-18,56.5,59.24,56.5,58.1,466283
2023-01-19,57.4,57.98,56.5,57.38,275992
2023-01-20,57.5,59.5,57.5,58.8,522149
2023-01-23,59.38,61.68,59.38,61.28,646402
2023-01-24,61.52,65.86,61.52,64.42,1154270
2023-01-25,64.42,64.62,63.16,64.48,387260
2023-01-26,64.8,66.34,64.5,64.96,505496
2023-01-27,65.4,65.4,64.22,64.32,316344
2023-01-30,64,64.56,62.26,63.84,328844
2023-01-31,63.26,67.24,62.8,67.24,763218
2023-02-01,67,67.98,59.42,59.42,1861634
2023-02-02,63.2,63.8,60.12,60.5,1220793
2023-02-03,60.7,60.8,56.6,57.62,1192464
2023-02-06,57.6,58.9,57.02,57.5,464800
2023-02-07,58,58.46,57.2,57.6,263694
2023-02-08,58.46,60.1,56.88,59.66,628547
2023-02-09,60.48,60.48,57.3,57.42,538558
2023-02-10,57.16,57.98,55.44,56.44,659030
2023-02-13,56.44,56.88,51.02,53.72,1409364
2023-02-14,54,55.62,53.2,54.88,635916
2023-02-15,54.5,56.36,54.16,55.94,300505
2023-02-16,56.2,56.48,54.84,55.6,321139
2023-02-17,55.5,56,55.02,55.9,171972
2023-02-20,55.68,56.5,55.28,56.1,155123
2023-02-21,56.1,56.2,54.8,55.34,191044
2023-02-22,55.44,55.46,52.94,53.28,381280
2023-02-23,53.52,55.98,53.5,55.76,352998
2023-02-24,55.26,55.5,53.44,54.06,310075
2023-02-27,54.96,55.24,54.1,54.8,175060
2023-02-28,54.3,55.12,53.44,54.66,376781
2023-03-01,55,56.6,54.76,55.54,430067
2023-03-02,55,55.08,51.62,52.24,1110012
2023-03-03,52.52,53.5,52.52,53,281314
2023-03-06,53.4,53.94,53.04,53.78,258552
2023-03-07,53.74,53.74,52.6,52.6,196887
2023-03-08,52.5,53.28,52.02,53.04,219417
2023-03-09,53,53,51.88,52.16,224003
2023-03-10,51.2,51.28,49.84,50.66,605122
2023-03-13,50.6,51.54,46.73,48.15,1233142
