"Data","Ostatnio","Otwarcie","Max.","Min.","Wol.","Zmiana%"
"13.03.2023","106,54","105,45","107,83","103,75","20,71M","-1,15%"
"10.03.2023","107,78","109,56","111,04","107,15","15,80M","-1,24%"
"09.03.2023","109,13","110,87","112,23","109,03","12,89M","-0,77%"
"08.03.2023","109,98","111,23","112,42","109,07","13,51M","-1,46%"
"07.03.2023","111,61","112,81","113,17","111,17","11,53M","-1,93%"
"06.03.2023","113,81","111,99","113,84","111,87","14,35M","0,89%"
"03.03.2023","112,81","110,05","113,37","109,95","12,74M","1,27%"
"02.03.2023","111,40","110,61","111,69","110,17","10,23M","0,46%"
"01.03.2023","110,89","109,31","111,86","109,24","13,03M","0,89%"
"28.02.2023","109,91","111,24","111,36","109,22","18,11M","-0,58%"
"27.02.2023","110,55","110,80","111,26","109,96","11,71M","-0,18%"
"24.02.2023","110,75","109,33","110,96","109,02","14,35M","0,01%"
"23.02.2023","110,74","110,73","111,83","109,90","11,29M","0,92%"
"22.02.2023","109,73","110,48","110,97","108,64","13,97M","-1,30%"
"21.02.2023","111,17","110,81","112,38","110,81","14,47M","-0,10%"
"17.02.2023","111,28","114,19","114,19","110,98","20,76M","-3,85%"
"16.02.2023","115,73","115,31","116,78","114,80","11,33M","-0,29%"
"15.02.2023","116,07","115,72","116,09","114,14","13,26M","-0,30%"
"14.02.2023","116,42","117,01","117,81","116,02","12,08M","-1,17%"
"13.02.2023","117,80","117,72","118,18","115,90","14,51M","-1,15%"
"10.02.2023","119,17","116,51","119,63","116,16","24,82M","4,22%"
"09.02.2023","114,35","114,62","116,24","114,18","17,30M","0,38%"
"08.02.2023","113,92","115,05","115,83","113,85","16,16M","-0,87%"
"07.02.2023","114,92","112,39","115,31","112,02","15,99M","2,86%"
"06.02.2023","111,73","112,36","113,09","110,32","13,84M","-0,17%"
"03.02.2023","111,92","111,90","114,11","111,56","20,23M","0,69%"
"02.02.2023","111,15","114,85","115,07","109,83","24,46M","-3,13%"
"01.02.2023","114,74","115,83","117,38","113,34","19,40M","-1,09%"
"31.01.2023","116,01","112,10","116,40","110,43","27,86M","2,16%"
"30.01.2023","113,56","115,09","115,49","113,15","18,51M","-1,77%"
"27.01.2023","115,61","116,95","117,67","115,39","15,18M","-1,83%"
"26.01.2023","117,76","114,72","117,78","114,33","20,91M","4,02%"
"25.01.2023","113,21","113,23","113,65","111,39","11,73M","-0,53%"
"24.01.2023","113,81","99,23","126,54","99,23","13,52M","0,93%"
"23.01.2023","112,76","113,64","114,59","112,64","16,50M","-0,52%"
"20.01.2023","113,35","111,36","113,44","110,61","16,52M","1,82%"
"19.01.2023","111,32","110,07","112,13","109,58","12,92M","0,64%"
"18.01.2023","110,61","113,26","114,12","110,40","16,38M","-2,05%"
"17.01.2023","112,93","113,41","114,08","112,67","16,53M","-0,19%"
"13.01.2023","113,15","113,11","113,49","112,16","12,01M","-0,06%"
"12.01.2023","113,22","111,82","113,74","111,74","15,35M","1,66%"
"11.01.2023","111,37","110,99","111,45","109,08","16,69M","1,16%"
"10.01.2023","110,09","109,79","110,33","108,00","15,07M","1,49%"
"09.01.2023","108,47","111,64","111,64","107,81","17,94M","-1,86%"
"06.01.2023","110,53","110,08","111,99","109,67","16,35M","1,21%"
"05.01.2023","109,21","106,34","109,95","106,31","15,92M","2,24%"
"04.01.2023","106,82","104,80","107,15","104,76","18,01M","0,29%"
"03.01.2023","106,51","109,78","110,02","105,49","14,94M","-3,44%"
"30.12.2022","110,30","108,61","110,50","108,61","11,80M","1,01%"
"29.12.2022","109,20","107,99","109,72","107,99","10,45M","0,76%"
"28.12.2022","108,38","109,91","110,00","107,90","10,55M","-1,64%"
"27.12.2022","110,19","109,27","110,46","108,83","11,70M","1,39%"
"23.12.2022","108,68","106,95","108,74","106,90","11,54M","2,64%"
"22.12.2022","105,88","107,89","108,19","104,10","13,18M","-2,02%"
"21.12.2022","108,06","108,29","108,58","107,16","13,54M","1,28%"
"20.12.2022","106,69","105,17","107,51","105,07","14,67M","1,45%"
"19.12.2022","105,17","105,26","106,20","104,38","13,37M","0,45%"
"16.12.2022","104,70","103,69","105,58","103,13","54,60M","-0,70%"
"15.12.2022","105,44","105,33","106,17","103,70","15,32M","-0,96%"
"14.12.2022","106,46","107,99","108,30","105,75","17,60M","-0,74%"
"13.12.2022","107,25","107,80","108,54","107,02","23,72M","1,09%"
"12.12.2022","106,09","103,83","106,24","103,58","19,46M","2,46%"
"09.12.2022","103,54","104,59","105,95","103,30","21,30M","-0,84%"
"08.12.2022","104,42","106,28","106,79","103,71","20,99M","0,74%"
"07.12.2022","103,65","103,78","104,85","102,37","19,66M","-0,22%"
"06.12.2022","103,88","105,90","107,04","103,14","21,41M","-2,78%"
"05.12.2022","106,85","110,70","111,36","105,94","19,12M","-2,74%"
"02.12.2022","109,86","109,51","111,71","109,20","15,25M","-0,85%"
"01.12.2022","110,80","111,64","112,07","110,18","14,40M","-0,48%"
"30.11.2022","111,34","111,54","111,90","109,78","23,16M","0,72%"
"29.11.2022","110,54","110,61","111,80","109,79","14,45M","0,66%"
"28.11.2022","109,81","110,66","111,46","109,62","23,02M","-3,00%"
"25.11.2022","113,21","113,88","114,61","113,06","7,14M","-0,35%"
"23.11.2022","113,61","112,32","113,95","112,10","11,55M","-0,50%"
"22.11.2022","114,18","112,21","114,47","111,43","17,72M","2,89%"
"21.11.2022","110,97","109,99","111,20","107,48","20,97M","-0,99%"
"18.11.2022","112,08","110,90","112,48","109,61","15,42M","-0,87%"
"17.11.2022","113,06","111,29","113,20","110,75","12,44M","0,13%"
"16.11.2022","112,91","113,44","114,26","111,86","13,59M","-1,07%"
"15.11.2022","114,13","113,80","114,53","112,87","19,37M","0,67%"
"14.11.2022","113,37","112,63","114,64","112,49","20,86M","-0,51%"
"11.11.2022","113,95","112,58","114,50","112,49","20,52M","3,12%"
"10.11.2022","110,50","110,19","110,70","107,57","20,15M","1,47%"
"09.11.2022","108,90","113,10","113,28","108,57","19,52M","-4,47%"
"08.11.2022","114,00","113,48","114,66","112,60","14,66M","0,32%"
"07.11.2022","113,64","112,41","113,99","112,13","16,01M","1,18%"
"04.11.2022","112,31","113,00","113,50","110,80","17,54M","1,09%"
"03.11.2022","111,10","108,58","111,82","108,31","17,10M","1,36%"
"02.11.2022","109,61","111,58","112,10","109,31","20,66M","-2,06%"
"01.11.2022","111,91","112,37","112,57","110,65","22,21M","0,99%"
"31.10.2022","110,81","109,50","112,91","109,44","26,40M","0,10%"
"28.10.2022","110,70","109,46","111,21","108,12","28,17M","2,93%"
"27.10.2022","107,55","108,41","109,58","107,42","18,21M","0,38%"
"26.10.2022","107,14","106,26","107,83","106,00","17,39M","1,19%"
"25.10.2022","105,88","106,41","107,33","105,07","15,72M","-0,68%"
"24.10.2022","106,60","105,66","107,68","105,12","17,02M","0,70%"
"21.10.2022","105,86","104,45","106,40","103,90","22,81M","1,86%"
"20.10.2022","103,93","104,32","105,00","103,41","17,65M","0,13%"
"19.10.2022","103,79","101,25","103,99","101,23","20,92M","2,97%"
"18.10.2022","100,80","101,54","102,35","99,23","14,07M","0,18%"
"17.10.2022","100,62","101,07","101,97","100,50","14,28M","1,44%"
"14.10.2022","99,19","101,12","102,24","99,04","15,23M","-2,63%"
"13.10.2022","101,87","97,55","102,45","97,40","22,02M","3,49%"
"12.10.2022","98,43","97,50","98,91","97,23","12,64M","0,44%"
"11.10.2022","98,00","97,22","99,76","96,75","17,80M","-0,85%"
"10.10.2022","98,84","101,49","102,03","98,72","16,79M","-2,17%"
"07.10.2022","101,03","102,19","103,32","100,18","24,51M","-1,01%"
"06.10.2022","102,06","98,47","102,18","98,33","29,12M","2,97%"
"05.10.2022","99,12","95,75","99,99","95,66","34,86M","4,04%"
"04.10.2022","95,27","93,24","95,36","92,71","22,13M","3,64%"
"03.10.2022","91,92","90,04","92,36","89,72","23,88M","5,28%"
"30.09.2022","87,31","88,17","89,04","87,31","21,36M","-1,54%"
"29.09.2022","88,68","88,18","89,36","87,13","17,90M","-0,20%"
"28.09.2022","88,86","86,12","89,30","85,92","19,54M","3,64%"
"27.09.2022","85,74","85,61","86,96","84,81","17,31M","2,10%"
"26.09.2022","83,98","84,90","86,22","83,89","22,04M","-2,06%"
"23.09.2022","85,75","87,50","87,50","84,85","27,74M","-5,32%"
"22.09.2022","90,57","92,20","92,66","90,52","16,14M","-0,42%"
"21.09.2022","90,95","93,57","93,88","90,87","17,33M","-1,61%"
"20.09.2022","92,44","92,73","92,93","91,64","14,71M","-0,82%"
"19.09.2022","93,20","91,01","93,49","91,00","15,34M","-0,01%"
"16.09.2022","93,21","95,07","95,34","92,00","37,87M","-1,71%"
"15.09.2022","94,83","96,22","96,54","94,05","21,09M","-2,91%"
"14.09.2022","97,67","96,19","98,56","96,15","22,66M","2,45%"
"13.09.2022","95,33","96,61","97,78","94,91","18,23M","-2,34%"
"12.09.2022","97,61","97,65","99,19","96,88","16,12M","1,15%"
"09.09.2022","96,50","96,52","97,00","95,32","17,16M","1,68%"
"08.09.2022","94,91","94,66","95,42","93,72","18,76M","0,82%"
"07.09.2022","94,14","93,19","94,59","92,30","16,27M","-0,85%"
"06.09.2022","94,95","96,16","96,59","94,51","19,20M","-0,67%"
"02.09.2022","95,59","96,35","96,79","95,11","18,21M","1,83%"
"01.09.2022","93,87","94,42","95,07","92,29","16,42M","-1,80%"
"31.08.2022","95,59","94,03","96,84","93,59","18,34M","-0,75%"
"30.08.2022","96,31","98,36","98,62","95,82","17,09M","-3,81%"
"29.08.2022","100,12","98,18","101,56","98,14","23,06M","2,30%"
"26.08.2022","97,87","98,77","99,91","97,42","15,53M","-1,23%"
"25.08.2022","99,09","98,92","99,86","98,10","15,31M","0,52%"
"24.08.2022","98,58","98,01","98,96","97,36","17,05M","0,59%"
"23.08.2022","98,00","95,55","98,41","95,45","23,76M","4,24%"
"22.08.2022","94,01","93,42","94,49","91,86","16,02M","-0,07%"
"19.08.2022","94,08","94,16","95,20","93,80","16,13M","-0,32%"
"18.08.2022","94,38","93,15","95,31","93,09","17,77M","2,36%"
"17.08.2022","92,20","91,27","93,21","90,92","13,68M","0,81%"
"16.08.2022","91,46","92,03","92,89","91,29","14,04M","-0,93%"
"15.08.2022","92,32","90,53","92,73","89,66","20,76M","-1,79%"
"12.08.2022","94,00","92,48","94,02","92,11","15,06M","0,87%"
"11.08.2022","93,19","91,84","94,30","91,44","18,80M","1,90%"
"10.08.2022","91,45","90,68","91,79","89,18","18,30M","0,95%"
"09.08.2022","90,59","90,05","91,61","89,95","19,08M","1,84%"
"08.08.2022","88,95","88,61","89,60","88,22","14,47M","0,57%"
"05.08.2022","88,45","86,36","89,69","86,28","17,41M","1,45%"
"04.08.2022","87,19","90,31","90,34","86,43","31,82M","-4,21%"
"03.08.2022","91,02","94,42","94,42","90,79","23,58M","-3,24%"
"02.08.2022","94,07","94,69","95,20","93,82","16,72M","-0,43%"
"01.08.2022","94,48","94,79","95,35","93,23","20,79M","-2,53%"
"29.07.2022","96,93","94,45","97,51","94,10","29,83M","4,63%"
"28.07.2022","92,64","92,18","93,25","91,01","20,35M","1,17%"
"27.07.2022","91,57","90,28","92,00","89,40","18,05M","2,16%"
"26.07.2022","89,63","91,13","91,28","89,00","15,14M","-0,39%"
"25.07.2022","89,98","88,16","90,13","87,42","17,54M","3,33%"
"22.07.2022","87,08","87,55","88,47","86,63","15,48M","-0,76%"
"21.07.2022","87,75","86,93","87,80","85,21","21,38M","-1,67%"
"20.07.2022","89,24","87,58","89,65","87,25","16,58M","1,10%"
"19.07.2022","88,27","86,42","88,52","86,25","18,25M","2,52%"
"18.07.2022","86,10","86,58","87,94","85,75","19,40M","1,85%"
"15.07.2022","84,54","84,80","84,88","82,90","17,24M","1,68%"
"14.07.2022","83,14","81,85","83,31","80,69","26,34M","-2,00%"
"13.07.2022","84,84","83,38","86,31","83,30","19,93M","0,40%"
"12.07.2022","84,50","83,78","85,05","82,86","21,01M","-1,33%"
"11.07.2022","85,64","85,17","86,12","84,36","15,61M","-0,51%"
"08.07.2022","86,08","86,95","87,30","84,93","17,67M","0,16%"
"07.07.2022","85,94","85,38","86,76","85,30","23,82M","3,19%"
"06.07.2022","83,28","83,76","85,23","81,01","33,38M","-1,80%"
"05.07.2022","84,81","86,34","86,70","83,01","34,60M","-3,13%"
"01.07.2022","87,55","86,74","87,88","84,71","26,33M","2,23%"
"30.06.2022","85,64","86,14","87,60","84,67","39,95M","-2,81%"
"29.06.2022","88,12","92,98","93,20","87,75","25,40M","-3,69%"
"28.06.2022","91,50","91,12","93,24","90,35","33,12M","2,77%"
"27.06.2022","89,03","87,81","90,04","87,67","25,48M","2,45%"
"24.06.2022","86,90","86,95","88,40","85,81","26,64M","1,98%"
"23.06.2022","85,21","88,66","89,05","83,52","35,76M","-3,02%"
"22.06.2022","87,86","87,54","89,76","87,53","29,77M","-3,96%"
"21.06.2022","91,48","88,58","92,53","88,52","35,95M","6,22%"
"17.06.2022","86,12","90,96","91,35","85,65","64,61M","-5,77%"
"16.06.2022","91,39","92,41","93,13","90,28","35,70M","-3,69%"
"15.06.2022","94,89","95,99","96,57","93,27","29,62M","-1,26%"
"14.06.2022","96,10","97,41","98,67","95,27","31,26M","0,26%"
"13.06.2022","95,85","97,52","97,77","93,92","33,42M","-4,59%"
"10.06.2022","100,46","101,94","103,35","99,79","30,96M","-1,83%"
"09.06.2022","102,33","103,42","104,57","102,16","26,63M","-2,16%"
"08.06.2022","104,59","103,49","105,57","102,98","31,61M","1,18%"
"07.06.2022","103,37","99,70","103,43","99,49","37,81M","4,58%"
"06.06.2022","98,84","99,18","99,78","98,67","20,68M","-0,25%"
"03.06.2022","99,09","97,90","99,66","97,90","21,04M","1,45%"
"02.06.2022","97,67","97,29","98,10","96,79","19,09M","-0,17%"
"01.06.2022","97,84","97,02","98,71","96,62","25,82M","1,92%"
"31.05.2022","96,00","98,56","99,78","95,71","44,89M","-1,63%"
"27.05.2022","97,59","95,94","97,93","95,30","25,59M","0,98%"
"26.05.2022","96,64","96,60","97,43","96,20","24,31M","0,35%"
"25.05.2022","96,30","94,58","96,53","94,47","29,95M","2,01%"
"24.05.2022","94,40","92,82","94,79","92,32","24,29M","0,54%"
"23.05.2022","93,89","92,66","94,77","92,55","27,24M","2,21%"
"20.05.2022","91,86","91,93","93,59","90,40","28,80M","0,79%"
"19.05.2022","91,14","89,00","92,30","89,00","24,39M","0,54%"
"18.05.2022","90,65","92,51","92,92","89,83","25,45M","-1,59%"
"17.05.2022","92,11","91,73","92,45","91,12","23,12M","1,28%"
"16.05.2022","90,95","88,98","91,97","88,97","26,10M","2,35%"
"13.05.2022","88,86","87,36","88,94","86,35","25,80M","2,97%"
"12.05.2022","86,30","85,95","86,38","83,40","29,49M","-0,56%"
"11.05.2022","86,79","86,43","88,94","86,28","33,02M","2,08%"
"10.05.2022","85,02","85,64","86,89","83,51","34,48M","0,66%"
"09.05.2022","84,46","89,44","89,56","84,02","45,85M","-7,89%"
"06.05.2022","91,69","90,98","91,82","89,35","29,62M","1,53%"
"05.05.2022","90,31","92,04","92,05","88,39","41,01M","-1,52%"
"04.05.2022","91,70","89,50","91,88","88,91","46,19M","3,98%"
"03.05.2022","88,19","86,26","88,78","86,12","33,91M","2,06%"
"02.05.2022","86,41","85,01","87,04","84,63","36,34M","1,36%"
"29.04.2022","85,25","88,14","88,14","84,70","34,66M","-2,24%"
"28.04.2022","87,20","84,88","88,14","84,07","33,68M","3,02%"
"27.04.2022","84,64","83,39","85,47","82,28","32,77M","2,86%"
"26.04.2022","82,29","82,73","84,72","82,18","28,94M","0,04%"
"25.04.2022","82,26","82,37","82,65","79,29","37,70M","-3,37%"
"22.04.2022","85,13","86,66","88,12","85,00","23,59M","-2,18%"
"21.04.2022","87,03","88,95","89,80","86,79","29,01M","-1,06%"
"20.04.2022","87,96","87,97","88,50","87,30","20,69M","0,23%"
"19.04.2022","87,76","88,01","88,66","87,27","20,38M","-0,89%"
"18.04.2022","88,55","88,50","88,89","87,75","19,03M","0,82%"
"14.04.2022","87,83","86,67","88,46","86,23","24,57M","1,17%"
"13.04.2022","86,81","86,61","87,11","85,19","19,31M","1,41%"
"12.04.2022","85,60","85,71","86,82","85,38","22,44M","2,09%"
"11.04.2022","83,85","85,78","85,93","83,50","21,80M","-3,44%"
"08.04.2022","86,84","85,17","87,21","85,17","24,87M","2,10%"
"07.04.2022","85,05","83,83","85,44","82,71","26,12M","1,67%"
"06.04.2022","83,65","83,42","84,70","82,94","24,77M","1,11%"
"05.04.2022","82,73","83,50","85,07","82,56","21,75M","-0,52%"
"04.04.2022","83,16","83,56","83,66","82,05","20,88M","0,05%"
"01.04.2022","83,12","81,99","84,14","81,99","18,67M","0,64%"
"31.03.2022","82,59","82,87","84,40","82,55","27,86M","-1,42%"
"30.03.2022","83,78","83,06","84,01","82,71","22,08M","1,71%"
"29.03.2022","82,37","80,81","82,49","79,76","27,04M","-0,53%"
"28.03.2022","82,81","83,17","83,31","82,02","21,55M","-2,81%"
"25.03.2022","85,20","82,92","85,49","82,79","22,41M","2,18%"
"24.03.2022","83,38","83,46","84,65","82,75","19,87M","0,30%"
"23.03.2022","83,13","83,34","84,27","83,05","27,72M","1,58%"
"22.03.2022","81,84","81,63","82,20","80,79","23,13M","-0,44%"
"21.03.2022","82,20","80,12","82,51","79,74","33,09M","4,49%"
"18.03.2022","78,67","79,06","79,39","78,10","41,46M","-0,39%"
"17.03.2022","78,98","78,18","79,15","77,07","34,04M","2,66%"
"16.03.2022","76,93","77,81","78,62","76,25","37,81M","-0,38%"
"15.03.2022","77,22","78,82","79,17","76,37","47,96M","-5,69%"
"14.03.2022","81,88","83,06","83,45","80,50","37,46M","-3,58%"
"11.03.2022","84,92","84,07","86,23","83,97","35,30M","-0,52%"
"10.03.2022","85,36","84,01","85,68","82,90","44,64M","3,10%"
"09.03.2022","82,79","84,03","86,57","81,60","65,47M","-5,68%"
"08.03.2022","87,78","89,05","91,50","85,43","72,08M","0,76%"
"07.03.2022","87,12","84,92","87,23","83,90","55,21M","3,60%"
"04.03.2022","84,09","81,05","84,28","80,66","42,84M","3,76%"
"03.03.2022","81,04","79,86","81,77","79,63","30,20M","0,63%"
"02.03.2022","80,53","80,60","82,15","79,82","44,32M","1,72%"
"01.03.2022","79,17","78,77","80,65","78,33","40,00M","0,96%"
"28.02.2022","78,42","76,51","78,93","76,20","32,20M","0,75%"
"25.02.2022","77,84","76,69","77,99","76,26","28,31M","2,69%"
"24.02.2022","75,80","79,00","79,03","74,03","46,20M","-1,26%"
"23.02.2022","76,77","76,46","77,47","76,13","25,39M","0,41%"
"22.02.2022","76,46","79,67","79,79","75,31","35,95M","-1,16%"
"18.02.2022","77,36","77,16","78,17","76,89","23,39M","-1,11%"
"17.02.2022","78,23","78,48","79,12","77,95","23,74M","-0,15%"
"16.02.2022","78,35","78,79","79,73","78,04","21,73M","0,46%"
"15.02.2022","77,99","76,90","78,19","76,42","25,09M","-1,25%"
"14.02.2022","78,98","79,58","79,84","77,05","34,65M","-1,53%"
"11.02.2022","80,21","78,62","80,32","78,23","42,00M","2,52%"
"10.02.2022","78,24","78,72","79,68","77,79","28,53M","-0,96%"
"09.02.2022","79,00","79,58","80,03","78,71","40,11M","-1,57%"
"08.02.2022","80,26","82,27","82,50","79,92","34,36M","-2,59%"
"07.02.2022","82,39","81,14","83,08","80,64","34,95M","1,20%"
"04.02.2022","81,41","80,87","82,53","80,87","32,20M","2,17%"
"03.02.2022","79,68","80,09","80,31","79,02","28,53M","-1,17%"
"02.02.2022","80,62","80,06","80,81","79,15","30,30M","-0,26%"
"01.02.2022","80,83","76,45","81,51","76,27","61,03M","6,41%"
"31.01.2022","75,96","74,97","76,42","74,26","36,09M","0,90%"
"28.01.2022","75,28","74,97","75,62","73,95","30,60M","0,21%"
"27.01.2022","75,12","75,46","76,01","73,99","29,17M","1,28%"
"26.01.2022","74,17","75,43","76,00","73,49","35,25M","-1,01%"
"25.01.2022","74,93","72,59","75,24","71,39","39,28M","2,94%"
"24.01.2022","72,79","70,88","73,08","69,81","41,58M","0,86%"
"21.01.2022","72,17","73,18","73,18","71,04","35,12M","-1,50%"
"20.01.2022","73,27","72,50","74,37","72,26","26,77M","0,22%"
"19.01.2022","73,11","73,75","73,86","72,55","26,43M","0,04%"
"18.01.2022","73,08","72,82","73,88","72,01","32,86M","1,68%"
"14.01.2022","71,87","70,65","72,14","70,60","23,01M","1,76%"
"13.01.2022","70,63","71,12","71,58","70,31","21,04M","-0,72%"
"12.01.2022","71,14","71,14","71,81","70,64","23,05M","-0,29%"
"11.01.2022","71,35","68,89","71,40","68,58","32,94M","4,21%"
"10.01.2022","68,47","68,97","69,17","67,95","22,76M","-0,60%"
"07.01.2022","68,88","68,52","69,18","67,98","23,99M","0,82%"
"06.01.2022","68,32","68,00","68,48","67,07","30,67M","2,35%"
"05.01.2022","66,75","66,50","67,61","66,48","34,03M","1,24%"
"04.01.2022","65,93","64,13","66,18","64,10","38,58M","3,76%"
"03.01.2022","63,54","61,24","63,60","61,21","24,29M","3,84%"
"31.12.2021","61,19","60,74","61,47","60,70","14,07M","0,66%"
"30.12.2021","60,79","61,22","61,60","60,76","11,94M","-0,59%"
"29.12.2021","61,15","61,48","61,60","60,92","12,73M","-0,88%"
"28.12.2021","61,69","61,91","62,31","61,40","12,79M","-0,32%"
"27.12.2021","61,89","60,93","61,95","60,42","12,60M","1,43%"
"23.12.2021","61,02","61,17","61,84","61,00","13,54M","0,05%"
"22.12.2021","60,99","60,34","61,37","59,97","14,06M","0,81%"
"21.12.2021","60,50","59,75","60,68","59,72","19,80M","2,27%"
"20.12.2021","59,16","58,79","59,25","57,96","21,82M","-1,45%"
"17.12.2021","60,03","60,95","61,28","59,69","44,45M","-2,18%"
"16.12.2021","61,37","61,44","62,45","61,30","21,19M","0,16%"
"15.12.2021","61,27","61,19","61,50","60,01","19,96M","-0,44%"
"14.12.2021","61,54","61,26","62,47","61,22","22,55M","-0,15%"
"13.12.2021","61,63","62,47","62,72","61,35","17,79M","-2,19%"
"10.12.2021","63,01","63,27","63,35","62,22","17,94M","0,64%"
"09.12.2021","62,61","62,05","62,77","61,81","16,91M","0,26%"
"08.12.2021","62,45","62,61","63,19","62,34","18,21M","0,29%"
"07.12.2021","62,27","62,34","63,03","62,10","19,80M","1,12%"
"06.12.2021","61,58","61,72","62,16","61,42","19,21M","1,13%"
"03.12.2021","60,89","61,92","62,23","60,35","22,01M","-0,64%"
"02.12.2021","61,28","59,74","61,58","59,14","29,22M","2,49%"
"01.12.2021","59,79","60,90","62,03","59,75","30,67M","-0,08%"
"30.11.2021","59,84","60,46","61,19","59,66","34,98M","-2,84%"
"29.11.2021","61,59","62,57","63,14","61,29","18,95M","0,56%"
"26.11.2021","61,25","60,52","61,42","59,54","24,98M","-3,51%"
"24.11.2021","63,48","62,58","63,85","62,58","15,87M","0,55%"
"23.11.2021","63,13","62,19","63,38","61,92","21,19M","2,63%"
"22.11.2021","61,51","60,32","62,54","60,32","22,00M","1,38%"
"19.11.2021","60,67","61,89","62,03","60,41","32,04M","-4,62%"
"18.11.2021","63,61","64,16","64,53","63,11","16,95M","-1,09%"
"17.11.2021","64,31","64,38","65,24","64,18","15,50M","-1,09%"
"16.11.2021","65,02","64,34","65,37","64,34","17,03M","1,01%"
"15.11.2021","64,37","63,76","64,77","63,22","18,85M","0,86%"
"12.11.2021","63,82","63,96","64,37","63,58","18,16M","-0,76%"
"11.11.2021","64,31","64,19","64,82","64,02","13,32M","0,19%"
"10.11.2021","64,19","65,32","65,65","63,77","20,18M","-3,27%"
"09.11.2021","66,36","65,77","66,37","65,31","18,78M","0,97%"
"08.11.2021","65,72","65,55","66,38","65,38","17,70M","1,08%"
"05.11.2021","65,02","65,05","65,33","64,56","18,57M","0,95%"
"04.11.2021","64,41","64,68","64,89","63,83","17,72M","0,75%"
"03.11.2021","63,93","64,04","64,45","63,66","17,37M","-1,37%"
"02.11.2021","64,82","65,03","65,45","64,66","16,30M","-1,23%"
"01.11.2021","65,63","65,07","66,08","65,02","19,66M","1,80%"
"29.10.2021","64,47","65,05","65,36","64,33","23,97M","0,25%"
"28.10.2021","64,31","63,82","64,47","63,63","16,63M","0,28%"
"27.10.2021","64,13","65,16","65,25","63,97","21,76M","-2,60%"
"26.10.2021","65,84","64,49","65,94","64,36","25,59M","2,32%"
"25.10.2021","64,35","63,72","64,42","63,58","17,94M","1,95%"
"22.10.2021","63,12","62,77","63,22","62,35","14,27M","0,69%"
"21.10.2021","62,69","63,47","63,64","62,35","16,56M","-1,82%"
"20.10.2021","63,85","62,89","63,87","62,72","14,31M","0,55%"
"19.10.2021","63,50","62,87","63,61","62,67","18,93M","1,50%"
"18.10.2021","62,56","63,09","63,14","62,27","18,28M","-0,05%"
"15.10.2021","62,59","62,73","63,07","62,44","16,09M","0,95%"
"14.10.2021","62,00","61,71","62,22","61,17","18,59M","1,52%"
"13.10.2021","61,07","60,78","61,39","60,21","14,99M","-0,28%"
"12.10.2021","61,24","61,57","61,98","60,85","20,20M","-0,52%"
"11.10.2021","61,56","63,03","63,06","61,50","22,12M","-1,00%"
"08.10.2021","62,18","61,25","62,42","61,25","22,19M","2,51%"
"07.10.2021","60,66","60,61","61,08","60,14","19,51M","0,28%"
"06.10.2021","60,49","60,47","61,12","59,75","25,28M","-1,83%"
"05.10.2021","61,62","62,51","62,69","61,02","29,64M","-0,16%"
"04.10.2021","61,72","61,32","62,07","60,95","33,95M","1,30%"
"01.10.2021","60,93","59,41","60,99","59,41","24,41M","3,59%"
"30.09.2021","58,82","60,12","60,17","58,81","31,29M","-1,77%"
"29.09.2021","59,88","59,84","60,19","59,05","23,42M","-0,07%"
"28.09.2021","59,92","59,90","60,48","59,51","37,62M","1,05%"
"27.09.2021","59,30","58,85","59,80","58,82","32,97M","2,97%"
"24.09.2021","57,59","56,70","57,82","56,68","22,33M","0,89%"
"23.09.2021","57,08","55,42","57,24","55,28","23,07M","3,39%"
"22.09.2021","55,21","54,43","55,90","54,37","25,69M","2,93%"
"21.09.2021","53,64","54,37","54,51","53,25","19,70M","-0,09%"
"20.09.2021","53,69","53,78","54,17","52,96","27,56M","-2,66%"
"17.09.2021","55,16","55,34","56,75","55,10","30,03M","-1,18%"
"16.09.2021","55,82","56,46","56,46","55,50","17,91M","-1,06%"
"15.09.2021","56,42","55,37","56,53","55,31","23,24M","3,37%"
"14.09.2021","54,58","55,69","55,77","54,41","19,94M","-1,43%"
"13.09.2021","55,37","54,65","55,92","54,62","22,05M","2,58%"
"10.09.2021","53,98","55,19","55,23","53,95","15,12M","-0,20%"
"09.09.2021","54,09","53,62","55,00","53,30","19,11M","0,07%"
"08.09.2021","54,05","54,79","55,18","54,01","18,76M","-0,92%"
"07.09.2021","54,55","54,67","55,27","54,47","14,36M","-0,58%"
"03.09.2021","54,87","55,12","55,32","54,60","13,85M","-0,38%"
"02.09.2021","55,08","54,29","55,64","54,27","23,30M","2,44%"
"01.09.2021","53,77","54,49","54,76","53,60","21,64M","-1,38%"
"31.08.2021","54,52","54,93","55,31","54,46","27,10M","-1,16%"
"30.08.2021","55,16","56,24","56,34","55,12","14,09M","-1,09%"
"27.08.2021","55,77","55,40","56,21","55,40","15,82M","1,94%"
"26.08.2021","54,71","55,20","55,54","54,63","11,84M","-1,35%"
"25.08.2021","55,46","55,24","55,77","54,87","13,27M","0,18%"
"24.08.2021","55,36","55,29","55,85","55,01","17,92M","0,82%"
"23.08.2021","54,91","53,95","55,06","53,95","21,63M","4,11%"
"20.08.2021","52,74","52,27","53,13","52,11","16,92M","0,02%"
"19.08.2021","52,73","53,47","53,71","52,10","30,92M","-3,05%"
"18.08.2021","54,39","55,42","55,81","54,31","21,89M","-2,11%"
"17.08.2021","55,56","55,50","56,30","54,99","16,24M","-0,68%"
"16.08.2021","55,94","56,02","56,09","55,27","16,97M","-1,46%"
"13.08.2021","56,77","57,03","57,07","56,30","20,06M","-1,01%"
"12.08.2021","57,35","57,40","57,79","56,87","19,23M","-1,71%"
"11.08.2021","58,35","58,19","58,50","57,72","18,28M","0,29%"
"10.08.2021","58,18","57,42","58,36","57,30","16,34M","1,71%"
"09.08.2021","57,20","57,13","57,52","56,83","17,83M","-1,14%"
"06.08.2021","57,86","57,66","58,07","57,53","14,89M","1,15%"
"05.08.2021","57,20","57,13","57,70","56,83","15,18M","0,63%"
"04.08.2021","56,84","57,19","57,88","56,81","20,87M","-2,34%"
"03.08.2021","58,20","57,57","58,41","56,93","18,21M","1,08%"
"02.08.2021","57,58","57,55","59,06","57,40","20,87M","0,02%"
"30.07.2021","57,57","58,88","58,88","57,32","28,65M","-2,31%"
"29.07.2021","58,93","59,00","59,33","58,56","18,61M","1,22%"
"28.07.2021","58,22","58,00","58,63","57,62","16,86M","0,67%"
"27.07.2021","57,83","58,01","58,01","57,21","16,86M","-1,11%"
"26.07.2021","58,48","57,16","58,65","57,00","18,39M","2,52%"
"23.07.2021","57,04","57,29","57,29","56,47","14,09M","-0,12%"
"22.07.2021","57,11","57,73","57,74","56,66","13,49M","-1,13%"
"21.07.2021","57,76","56,86","58,30","56,83","20,91M","3,22%"
"20.07.2021","55,96","55,50","56,60","55,03","26,76M","1,10%"
"19.07.2021","55,35","55,64","56,20","54,60","37,97M","-3,44%"
"16.07.2021","57,32","59,18","59,26","57,15","27,05M","-2,77%"
"15.07.2021","58,95","59,17","59,70","58,76","15,85M","-0,97%"
"14.07.2021","59,53","61,17","61,73","59,35","21,57M","-2,22%"
"13.07.2021","60,88","61,00","61,51","60,51","17,15M","-0,47%"
"12.07.2021","61,17","60,42","61,50","60,16","21,81M","-0,10%"
"09.07.2021","61,23","60,69","61,45","60,24","20,09M","1,81%"
"08.07.2021","60,14","59,45","60,71","59,31","18,94M","-0,45%"
"07.07.2021","60,41","61,18","61,81","59,62","21,67M","-1,56%"
"06.07.2021","61,37","62,75","62,76","60,90","22,11M","-2,85%"
"02.07.2021","63,17","63,01","63,32","62,42","14,57M","-0,14%"
"01.07.2021","63,26","64,33","64,42","62,77","22,53M","0,29%"
"30.06.2021","63,08","62,70","63,23","62,45","17,88M","0,73%"
"29.06.2021","62,62","63,21","63,77","62,58","19,58M","-0,62%"
"28.06.2021","63,01","64,56","64,56","62,75","20,57M","-2,55%"
"25.06.2021","64,66","64,61","64,93","64,36","18,44M","0,22%"
"24.06.2021","64,52","64,15","64,56","63,81","19,57M","0,40%"
"23.06.2021","64,26","64,05","64,70","63,58","20,70M","0,74%"
"22.06.2021","63,79","62,85","64,01","62,23","25,14M","1,92%"
"21.06.2021","62,59","60,93","62,70","60,90","33,15M","3,63%"
"18.06.2021","60,40","61,00","61,55","60,24","39,59M","-2,56%"
"17.06.2021","61,99","63,86","64,46","61,27","28,49M","-3,29%"
"16.06.2021","64,10","64,32","64,80","63,56","24,80M","-0,36%"
"15.06.2021","64,33","62,48","64,40","62,35","30,72M","3,64%"
"14.06.2021","62,07","62,30","62,78","61,57","17,00M","-0,16%"
"11.06.2021","62,17","63,01","63,19","62,14","17,63M","-0,92%"
"10.06.2021","62,75","63,61","63,97","62,25","27,49M","0,16%"
"09.06.2021","62,65","62,67","63,42","62,19","29,13M","0,84%"
"08.06.2021","62,13","61,50","62,48","60,67","28,95M","1,77%"
"07.06.2021","61,05","61,33","61,73","61,02","15,48M","-0,65%"
"04.06.2021","61,45","61,46","61,70","60,78","20,43M","0,44%"
"03.06.2021","61,18","60,55","61,41","60,35","20,27M","0,39%"
"02.06.2021","60,94","60,75","61,31","60,17","22,98M","0,79%"
"01.06.2021","60,46","59,45","60,69","59,45","28,47M","3,58%"
"28.05.2021","58,37","58,73","58,80","58,11","19,25M","-0,32%"
"27.05.2021","58,56","59,23","59,70","58,02","33,56M","-0,64%"
"26.05.2021","58,94","58,25","59,12","57,90","21,70M","1,17%"
"25.05.2021","58,26","59,50","59,54","58,12","25,62M","-2,26%"
"24.05.2021","59,61","59,08","59,80","58,69","18,40M","1,17%"
"21.05.2021","58,92","59,42","59,83","58,85","20,79M","0,14%"
"20.05.2021","58,84","58,95","59,15","58,24","20,69M","-0,24%"
"19.05.2021","58,98","59,10","59,85","58,42","28,89M","-2,40%"
"18.05.2021","60,43","62,00","62,30","60,40","25,17M","-2,83%"
"17.05.2021","62,19","60,54","62,25","60,43","25,28M","2,34%"
"14.05.2021","60,77","59,93","60,88","59,93","20,74M","2,48%"
"13.05.2021","59,30","59,00","60,45","58,75","24,27M","-1,23%"
"12.05.2021","60,04","60,01","61,68","59,75","34,43M","-0,91%"
"11.05.2021","60,59","61,63","62,38","60,38","34,56M","-3,18%"
"10.05.2021","62,58","63,24","64,02","62,53","31,96M","0,24%"
"07.05.2021","62,43","61,07","62,47","60,85","33,61M","1,43%"
"06.05.2021","61,55","60,86","61,64","60,03","26,84M","0,95%"
"05.05.2021","60,97","59,77","61,05","59,40","31,53M","3,01%"
"04.05.2021","59,19","59,00","59,50","58,51","23,52M","0,63%"
"03.05.2021","58,82","57,98","58,99","57,74","20,51M","2,76%"
"30.04.2021","57,24","58,33","58,89","57,16","30,52M","-2,88%"
"29.04.2021","58,94","58,92","59,48","58,15","27,32M","1,43%"
"28.04.2021","58,11","56,91","58,46","56,79","24,73M","3,01%"
"27.04.2021","56,41","56,01","56,63","55,81","19,28M","1,31%"
"26.04.2021","55,68","55,47","56,28","55,44","16,08M","0,20%"
"23.04.2021","55,57","55,27","55,94","55,18","15,34M","0,54%"
"22.04.2021","55,27","55,99","55,99","55,02","21,60M","-1,30%"
"21.04.2021","56,00","54,50","56,13","54,30","16,63M","1,28%"
"20.04.2021","55,29","56,47","56,47","54,78","21,78M","-2,11%"
"19.04.2021","56,48","56,75","57,14","55,96","21,12M","-0,32%"
"16.04.2021","56,66","57,36","57,68","56,44","22,75M","-0,56%"
"15.04.2021","56,98","57,42","57,42","56,78","23,25M","-0,59%"
"14.04.2021","57,32","56,41","58,01","56,25","28,05M","2,89%"
"13.04.2021","55,71","55,30","55,98","55,09","19,37M","0,38%"
"12.04.2021","55,50","56,76","56,79","55,31","20,24M","-0,66%"
"09.04.2021","55,87","56,00","56,44","55,53","20,02M","-0,23%"
"08.04.2021","56,00","55,93","56,08","55,32","22,00M","-1,04%"
"07.04.2021","56,59","56,39","56,77","56,24","22,38M","0,44%"
"06.04.2021","56,34","56,84","57,54","56,26","18,93M","-0,28%"
"05.04.2021","56,50","57,30","57,32","56,14","23,26M","-1,55%"
"01.04.2021","57,39","56,32","57,45","56,14","23,19M","2,79%"
"31.03.2021","55,83","56,35","56,63","55,80","23,69M","-1,52%"
"30.03.2021","56,69","56,86","57,36","56,49","20,30M","-1,24%"
"29.03.2021","57,40","57,34","57,82","56,74","21,14M","-0,54%"
"26.03.2021","57,71","57,30","57,78","56,52","34,23M","2,72%"
"25.03.2021","56,18","55,21","56,50","54,50","31,50M","-0,28%"
"24.03.2021","56,34","56,08","57,28","56,08","29,78M","2,03%"
"23.03.2021","55,22","54,94","56,29","54,45","33,49M","-1,23%"
"22.03.2021","55,91","56,50","56,86","55,90","29,32M","-1,03%"
"19.03.2021","56,49","56,71","57,47","55,81","84,44M","-0,56%"
"18.03.2021","56,81","58,81","58,97","56,52","38,62M","-4,31%"
"17.03.2021","59,37","58,69","59,73","58,62","25,58M","0,44%"
"16.03.2021","59,11","59,54","59,66","58,44","30,62M","-2,12%"
"15.03.2021","60,39","61,49","61,85","59,87","31,26M","-2,55%"
"12.03.2021","61,97","61,55","62,37","61,50","20,42M","1,08%"
"11.03.2021","61,31","61,78","62,55","61,26","24,80M","-0,74%"
"10.03.2021","61,77","60,52","61,92","60,03","31,58M","3,07%"
"09.03.2021","59,93","60,61","61,39","59,47","35,65M","-1,54%"
"08.03.2021","60,87","61,58","61,61","59,82","38,15M","-0,10%"
"05.03.2021","60,93","59,83","61,05","59,11","51,43M","3,78%"
"04.03.2021","58,71","57,12","59,47","57,10","52,14M","3,87%"
"03.03.2021","56,52","56,42","57,96","55,88","35,36M","0,80%"
"02.03.2021","56,07","56,65","56,96","56,02","30,30M","-0,59%"
"01.03.2021","56,40","56,47","57,61","56,13","37,00M","3,73%"
"26.02.2021","54,37","54,41","55,06","53,12","35,29M","-2,49%"
"25.02.2021","55,76","56,98","57,24","55,35","29,67M","-1,66%"
"24.02.2021","56,70","55,19","57,00","54,87","28,73M","3,00%"
"23.02.2021","55,05","54,98","55,26","53,74","33,53M","1,38%"
"22.02.2021","54,30","52,59","54,81","52,59","36,44M","3,69%"
"19.02.2021","52,37","52,11","52,56","51,92","22,61M","0,67%"
"18.02.2021","52,02","52,81","52,94","51,86","20,63M","-1,57%"
"17.02.2021","52,85","52,35","53,27","51,80","25,55M","1,56%"
"16.02.2021","52,04","51,96","52,53","51,62","28,06M","3,01%"
"12.02.2021","50,52","49,43","50,71","49,41","19,76M","1,36%"
"11.02.2021","49,84","50,89","50,93","48,78","26,97M","-2,50%"
"10.02.2021","51,12","50,63","51,42","50,39","25,72M","0,97%"
"09.02.2021","50,63","50,67","50,96","49,77","28,98M","-2,82%"
"08.02.2021","52,10","50,92","52,36","50,71","37,00M","4,30%"
"05.02.2021","49,95","49,18","50,12","49,04","34,98M","3,35%"
"04.02.2021","48,33","47,88","48,38","47,25","25,28M","1,92%"
"03.02.2021","47,42","45,63","47,67","45,42","28,46M","3,92%"
"02.02.2021","45,63","45,81","46,99","45,28","31,94M","1,58%"
"01.02.2021","44,92","45,58","45,58","44,29","24,41M","0,18%"
"29.01.2021","44,84","45,55","46,04","44,51","38,96M","-2,65%"
"28.01.2021","46,06","45,94","46,59","45,69","24,97M","1,57%"
"27.01.2021","45,35","45,00","46,66","44,53","32,41M","-1,13%"
"26.01.2021","45,87","47,26","47,86","45,85","23,98M","-2,20%"
"25.01.2021","46,90","46,90","47,05","46,16","26,40M","-1,12%"
"22.01.2021","47,43","47,01","47,64","46,64","23,26M","-1,41%"
"21.01.2021","48,11","49,33","49,39","47,68","29,06M","-2,87%"
"20.01.2021","49,53","49,11","49,74","48,99","22,34M","1,41%"
"19.01.2021","48,84","48,45","49,44","48,35","24,93M","1,98%"
"15.01.2021","47,89","48,91","49,08","47,29","42,41M","-4,81%"
"14.01.2021","50,31","48,50","51,08","48,50","35,47M","3,90%"
"13.01.2021","48,42","48,53","48,71","47,69","29,00M","1,13%"
"12.01.2021","47,88","47,46","48,17","46,91","36,92M","2,22%"
"11.01.2021","46,84","45,04","47,13","44,75","38,29M","3,04%"
"08.01.2021","45,46","45,20","45,82","44,95","28,63M","1,11%"
"07.01.2021","44,96","45,00","45,57","44,53","29,53M","0,78%"
"06.01.2021","44,61","44,41","45,10","43,70","36,48M","2,55%"
"05.01.2021","43,50","41,84","44,80","41,83","44,04M","4,82%"
"04.01.2021","41,50","41,45","42,24","41,00","27,76M","0,68%"
"31.12.2020","41,22","41,47","41,68","40,97","22,79M","-0,91%"
"30.12.2020","41,60","41,33","42,42","41,27","23,81M","0,80%"
"29.12.2020","41,27","42,04","42,12","41,20","20,29M","-1,13%"
"28.12.2020","41,74","41,69","42,55","41,52","23,88M","0,34%"
"24.12.2020","41,60","41,65","41,85","41,38","8,04M","-0,41%"
"23.12.2020","41,77","41,51","42,39","41,46","19,09M","1,29%"
"22.12.2020","41,24","41,58","41,90","41,23","21,81M","-1,69%"
"21.12.2020","41,95","41,11","42,08","40,53","27,87M","-1,83%"
"18.12.2020","42,73","43,27","43,78","42,42","46,60M","-1,72%"
"17.12.2020","43,48","44,00","44,04","43,40","21,20M","-0,50%"
"16.12.2020","43,70","43,75","44,11","42,96","34,27M","1,53%"
"15.12.2020","43,04","42,44","43,22","42,06","27,24M","1,94%"
"14.12.2020","42,22","44,34","44,46","42,18","30,60M","-3,61%"
"11.12.2020","43,80","43,70","43,92","43,21","25,48M","-0,48%"
"10.12.2020","44,01","43,20","44,47","42,76","38,06M","2,83%"
"09.12.2020","42,80","42,71","43,73","42,38","37,82M","1,33%"
"08.12.2020","42,24","40,53","42,59","40,44","32,57M","3,28%"
"07.12.2020","40,90","41,42","41,54","40,67","24,90M","-1,87%"
"04.12.2020","41,68","40,77","41,76","40,65","28,72M","3,66%"
"03.12.2020","40,21","40,07","40,63","39,73","27,04M","0,68%"
"02.12.2020","39,94","38,39","40,42","38,34","29,37M","3,74%"
"01.12.2020","38,50","38,96","39,65","38,47","32,50M","0,97%"
"30.11.2020","38,13","39,80","39,88","37,97","45,61M","-5,13%"
"27.11.2020","40,19","40,70","40,94","39,87","14,97M","-1,52%"
"25.11.2020","40,81","41,67","41,71","40,65","28,18M","-2,79%"
"24.11.2020","41,98","40,51","42,08","40,22","46,98M","6,66%"
"23.11.2020","39,36","37,50","39,43","37,28","29,37M","6,55%"
"20.11.2020","36,94","37,35","37,41","36,78","18,36M","-1,23%"
"19.11.2020","37,40","36,86","37,50","36,56","26,95M","0,51%"
"18.11.2020","37,21","39,02","39,13","37,20","31,07M","-3,78%"
"17.11.2020","38,67","37,81","38,71","37,38","26,52M","1,34%"
"16.11.2020","38,16","37,59","38,17","37,10","38,60M","5,76%"
"13.11.2020","36,08","35,40","36,25","35,38","29,26M","2,41%"
"12.11.2020","35,23","35,86","36,29","34,87","30,96M","-3,43%"
"11.11.2020","36,48","37,09","37,12","36,19","34,12M","-1,03%"
"10.11.2020","36,86","37,05","37,43","35,98","49,06M","-0,19%"
"09.11.2020","36,93","36,42","38,01","36,06","76,88M","12,66%"
"06.11.2020","32,78","33,10","33,66","32,62","33,99M","-1,18%"
"05.11.2020","33,17","33,37","33,92","33,14","30,82M","-0,18%"
"04.11.2020","33,23","33,27","34,14","32,53","35,41M","-0,54%"
"03.11.2020","33,41","34,49","34,49","33,13","36,77M","-1,71%"
"02.11.2020","33,99","33,14","34,46","32,57","40,13M","4,20%"
"30.10.2020","32,62","32,41","33,14","32,01","47,90M","-1,06%"
"29.10.2020","32,97","31,41","33,13","31,11","38,62M","4,43%"
"28.10.2020","31,57","32,10","32,38","31,52","42,14M","-3,81%"
"27.10.2020","32,82","33,15","33,20","32,70","27,10M","-1,59%"
"26.10.2020","33,35","33,61","33,77","32,95","30,89M","-2,37%"
"23.10.2020","34,16","34,97","35,08","33,86","27,43M","-2,01%"
"22.10.2020","34,86","33,18","34,96","33,02","31,83M","5,13%"
"21.10.2020","33,16","33,51","33,62","33,14","28,62M","-1,60%"
"20.10.2020","33,70","33,66","33,93","33,33","23,04M","0,84%"
"19.10.2020","33,42","34,10","34,37","33,39","23,65M","-1,99%"
"16.10.2020","34,10","34,37","34,64","33,88","22,64M","-1,02%"
"15.10.2020","34,45","33,69","34,46","33,26","23,25M","0,88%"
"14.10.2020","34,15","34,06","34,83","34,03","17,76M","-0,20%"
"13.10.2020","34,22","34,73","34,87","34,10","21,00M","-1,18%"
"12.10.2020","34,63","34,54","34,73","34,23","17,91M","-0,32%"
"09.10.2020","34,74","35,68","35,95","34,65","29,23M","-1,47%"
"08.10.2020","35,26","33,88","35,34","33,76","34,41M","5,25%"
"07.10.2020","33,50","33,64","33,74","33,21","23,78M","0,33%"
"06.10.2020","33,39","34,12","34,42","33,31","26,73M","-1,04%"
"05.10.2020","33,74","33,32","33,75","33,17","22,97M","2,30%"
"02.10.2020","32,98","32,25","33,35","32,21","32,69M","-0,45%"
"01.10.2020","33,13","33,79","34,10","32,94","36,89M","-3,50%"
"30.09.2020","34,33","34,64","34,92","34,13","22,22M","0,15%"
"29.09.2020","34,28","35,00","35,11","33,99","20,79M","-2,92%"
"28.09.2020","35,31","35,14","35,90","35,10","23,40M","1,93%"
"25.09.2020","34,64","34,00","34,94","33,88","23,49M","0,93%"
"24.09.2020","34,32","34,40","34,82","33,76","26,80M","-0,20%"
"23.09.2020","34,39","35,65","35,79","34,35","31,25M","-3,21%"
"22.09.2020","35,53","36,46","36,84","35,47","27,30M","-2,47%"
"21.09.2020","36,43","36,43","36,71","35,68","35,35M","-2,04%"
"18.09.2020","37,19","37,53","37,82","36,70","46,85M","-1,61%"
"17.09.2020","37,80","37,35","37,98","36,97","24,70M","-0,03%"
"16.09.2020","37,81","36,46","38,15","36,27","30,92M","4,25%"
"15.09.2020","36,27","36,80","37,38","36,21","23,72M","-1,06%"
"14.09.2020","36,66","36,91","37,01","36,49","26,13M","-0,65%"
"11.09.2020","36,90","37,13","37,31","36,49","26,84M","-0,27%"
"10.09.2020","37,00","38,27","38,37","36,90","34,38M","-2,50%"
"09.09.2020","37,95","38,35","38,84","37,92","25,89M","-0,60%"
"08.09.2020","38,18","38,25","38,68","37,35","38,50M","-2,30%"
"04.09.2020","39,08","39,46","39,79","38,65","24,63M","-0,08%"
"03.09.2020","39,11","39,20","40,03","38,88","28,82M","-0,20%"
"02.09.2020","39,19","39,23","39,72","38,95","26,41M","-0,61%"
"01.09.2020","39,43","39,75","39,75","39,04","22,48M","-1,28%"
"31.08.2020","39,94","40,64","40,72","39,90","25,26M","-1,84%"
"28.08.2020","40,69","39,84","40,92","39,76","33,48M","2,39%"
"27.08.2020","39,74","40,00","40,30","39,31","32,03M","-0,67%"
"26.08.2020","40,01","40,64","40,83","40,00","26,79M","-2,13%"
"25.08.2020","40,88","41,66","42,06","40,70","31,29M","-3,17%"
"24.08.2020","42,22","41,28","42,51","41,09","18,21M","2,95%"
"21.08.2020","41,01","41,30","41,34","40,71","25,52M","-0,75%"
"20.08.2020","41,32","41,69","41,88","41,30","15,68M","-1,53%"
"19.08.2020","41,96","42,35","42,65","41,87","14,47M","-1,11%"
"18.08.2020","42,43","42,59","43,19","42,29","13,01M","-0,49%"
"17.08.2020","42,64","43,17","43,17","42,47","15,55M","-1,30%"
"14.08.2020","43,20","42,60","43,28","42,41","13,60M","0,44%"
"13.08.2020","43,01","43,50","43,87","42,92","17,34M","-2,45%"
"12.08.2020","44,09","44,46","44,94","43,63","22,51M","-1,96%"
"11.08.2020","44,97","45,50","46,42","44,73","28,99M","1,03%"
"10.08.2020","44,51","43,99","44,60","43,60","24,37M","2,46%"
"07.08.2020","43,44","43,23","43,52","42,81","18,76M","-0,46%"
"06.08.2020","43,64","43,40","43,90","43,25","14,43M","-0,48%"
"05.08.2020","43,85","44,15","44,31","43,53","17,45M","0,87%"
"04.08.2020","43,47","42,34","43,60","42,24","17,72M","2,89%"
"03.08.2020","42,25","42,05","42,50","41,47","23,04M","0,40%"
"31.07.2020","42,08","41,16","42,17","40,91","32,12M","0,50%"
"30.07.2020","41,87","43,13","43,18","41,83","29,90M","-4,91%"
"29.07.2020","44,03","43,71","44,09","43,34","14,14M","1,10%"
"28.07.2020","43,55","43,91","44,25","43,46","19,19M","-1,18%"
"27.07.2020","44,07","43,23","44,09","42,97","18,55M","1,47%"
"24.07.2020","43,43","43,88","44,42","43,19","16,42M","-0,62%"
"23.07.2020","43,70","43,40","43,82","43,02","17,93M","0,21%"
"22.07.2020","43,61","44,15","44,15","43,37","21,35M","-2,33%"
"21.07.2020","44,65","43,15","45,19","43,11","28,83M","5,06%"
"20.07.2020","42,50","43,21","43,51","42,47","18,55M","-2,34%"
"17.07.2020","43,52","44,33","44,69","43,39","17,97M","-1,72%"
"16.07.2020","44,28","44,31","44,81","43,79","14,67M","-0,78%"
"15.07.2020","44,63","45,03","45,09","44,21","17,33M","1,27%"
"14.07.2020","44,07","42,53","44,19","42,26","21,44M","3,31%"
"13.07.2020","42,66","42,98","43,29","42,22","20,03M","0,02%"
"10.07.2020","42,65","41,12","42,71","41,10","18,95M","3,12%"
"09.07.2020","41,36","42,90","43,10","41,29","25,88M","-4,13%"
"08.07.2020","43,14","43,15","43,93","42,84","18,29M","-0,23%"
"07.07.2020","43,24","43,90","44,00","43,11","17,41M","-2,59%"
"06.07.2020","44,39","44,67","45,08","43,84","22,69M","0,70%"
"02.07.2020","44,08","44,62","45,19","43,93","18,22M","0,85%"
"01.07.2020","43,71","44,49","45,38","43,67","17,29M","-2,26%"
"30.06.2020","44,72","43,43","44,97","43,16","22,15M","0,90%"
"29.06.2020","44,32","43,81","44,58","43,54","17,05M","1,60%"
"26.06.2020","43,62","44,88","44,94","43,50","31,52M","-3,43%"
"25.06.2020","45,17","44,05","45,24","43,69","19,35M","1,51%"
"24.06.2020","44,50","45,91","45,96","44,25","27,63M","-4,71%"
"23.06.2020","46,70","46,90","47,22","46,50","18,92M","0,60%"
"22.06.2020","46,42","45,69","46,44","45,40","17,57M","0,96%"
"19.06.2020","45,98","48,22","48,26","45,98","48,90M","-2,00%"
"18.06.2020","46,92","46,11","47,33","45,77","21,48M","0,62%"
"17.06.2020","46,63","48,00","48,13","46,60","19,28M","-3,26%"
"16.06.2020","48,20","49,57","49,75","47,24","26,20M","2,25%"
"15.06.2020","47,14","45,35","47,76","44,75","27,93M","-0,06%"
"12.06.2020","47,17","48,04","48,62","45,91","30,98M","2,14%"
"11.06.2020","46,18","47,53","48,84","46,10","39,18M","-8,83%"
"10.06.2020","50,65","53,50","53,50","50,60","31,16M","-5,36%"
"09.06.2020","53,52","52,88","53,97","52,45","27,28M","-2,23%"
"08.06.2020","54,74","54,72","55,36","53,46","33,58M","3,13%"
"05.06.2020","53,08","51,65","53,45","51,60","41,33M","8,11%"
"04.06.2020","49,10","48,88","49,15","48,16","18,73M","-0,28%"
"03.06.2020","49,24","48,00","49,40","47,95","23,42M","4,08%"
"02.06.2020","47,31","46,86","47,45","46,75","22,32M","2,23%"
"01.06.2020","46,28","45,32","46,45","44,80","19,04M","1,78%"
"29.05.2020","45,47","44,82","45,69","44,37","25,89M","0,95%"
"28.05.2020","45,04","46,43","46,46","44,93","19,71M","-2,60%"
"27.05.2020","46,24","46,66","47,14","45,41","20,79M","0,72%"
"26.05.2020","45,91","45,74","46,30","45,47","20,36M","2,94%"
"22.05.2020","44,60","44,05","44,67","43,45","15,41M","0,09%"
"21.05.2020","44,56","45,44","45,79","44,39","19,13M","-1,79%"
"20.05.2020","45,37","44,62","45,58","44,57","19,35M","3,25%"
"19.05.2020","43,94","45,55","46,63","43,93","21,77M","-3,09%"
"18.05.2020","45,34","44,40","45,58","44,06","32,05M","7,95%"
"15.05.2020","42,00","42,38","43,01","41,85","22,45M","-0,71%"
"14.05.2020","42,30","41,07","42,55","40,20","24,86M","0,88%"
"13.05.2020","41,93","43,74","43,87","41,60","30,83M","-4,96%"
"12.05.2020","44,12","45,42","45,67","44,12","25,44M","-3,54%"
"11.05.2020","45,74","46,11","46,20","45,51","22,26M","-0,95%"
"08.05.2020","46,18","45,31","46,22","44,98","20,00M","4,39%"
"07.05.2020","44,24","44,96","45,27","43,97","22,16M","0,57%"
"06.05.2020","43,99","44,93","45,27","43,90","22,66M","-1,87%"
"05.05.2020","44,83","46,26","47,15","44,66","29,28M","-0,11%"
"04.05.2020","44,88","42,51","44,94","42,22","27,47M","4,03%"
"01.05.2020","43,14","45,63","46,39","43,00","35,40M","-7,17%"
"30.04.2020","46,47","47,68","47,68","45,77","37,08M","-2,09%"
"29.04.2020","47,46","46,26","47,60","46,16","29,50M","5,54%"
"28.04.2020","44,97","44,37","45,39","44,11","26,55M","2,34%"
"27.04.2020","43,94","43,59","44,32","42,23","28,27M","0,48%"
"24.04.2020","43,73","44,40","44,89","43,13","28,67M","0,64%"
"23.04.2020","43,45","43,13","44,66","42,81","35,27M","3,13%"
"22.04.2020","42,13","42,60","42,93","41,86","27,08M","2,86%"
"21.04.2020","40,96","40,40","42,13","39,63","44,38M","-0,53%"
"20.04.2020","41,18","40,75","42,73","40,54","39,26M","-4,72%"
"17.04.2020","43,22","39,88","43,32","39,87","40,83M","10,40%"
"16.04.2020","39,15","40,48","40,48","38,93","30,93M","-3,29%"
"15.04.2020","40,48","41,00","41,06","39,38","33,13M","-4,60%"
"14.04.2020","42,43","43,00","43,75","41,91","30,77M","-0,77%"
"13.04.2020","42,76","44,45","44,69","41,97","29,65M","-0,86%"
"09.04.2020","43,13","45,46","46,71","41,74","60,21M","-1,64%"
"08.04.2020","43,85","41,95","44,04","41,47","33,36M","6,33%"
"07.04.2020","41,24","42,90","43,31","41,16","48,92M","1,90%"
"06.04.2020","40,47","39,88","40,83","39,23","41,30M","3,21%"
"03.04.2020","39,21","41,45","42,18","38,52","48,43M","-2,95%"
"02.04.2020","40,40","38,74","41,96","37,90","62,00M","7,65%"
"01.04.2020","37,53","36,86","38,70","36,34","36,05M","-1,16%"
"31.03.2020","37,97","38,34","39,45","37,37","41,49M","1,25%"
"30.03.2020","37,50","36,23","38,15","35,86","45,83M","1,49%"
"27.03.2020","36,95","37,13","37,68","36,20","51,56M","-4,82%"
"26.03.2020","38,82","37,50","39,56","36,72","46,75M","4,10%"
"25.03.2020","37,29","36,51","38,59","35,18","56,61M","5,22%"
"24.03.2020","35,44","34,42","36,17","33,33","61,84M","12,69%"
"23.03.2020","31,45","32,53","32,70","30,11","56,95M","-3,94%"
"20.03.2020","32,74","34,84","35,18","31,56","76,53M","-4,91%"
"19.03.2020","34,43","33,73","34,90","32,35","49,41M","3,96%"
"18.03.2020","33,12","34,55","36,71","31,23","54,04M","-10,02%"
"17.03.2020","36,81","35,21","37,38","34,20","41,20M","6,73%"
"16.03.2020","34,49","34,40","37,88","33,25","48,92M","-9,52%"
"13.03.2020","38,12","40,01","40,14","35,00","79,89M","2,53%"
"12.03.2020","37,18","39,90","40,65","37,00","65,73M","-11,43%"
"11.03.2020","41,98","42,39","43,48","41,75","52,02M","-3,29%"
"10.03.2020","43,41","46,17","46,26","41,45","60,38M","3,70%"
"09.03.2020","41,86","41,71","44,57","40,80","72,90M","-12,22%"
"06.03.2020","47,69","48,84","49,01","47,20","55,64M","-4,83%"
"05.03.2020","50,11","50,42","50,70","49,04","40,79M","-4,41%"
"04.03.2020","52,42","52,23","52,48","51,12","24,08M","2,18%"
"03.03.2020","51,30","53,95","54,15","50,98","50,58M","-4,79%"
"02.03.2020","53,88","52,59","53,89","51,13","38,13M","4,74%"
"28.02.2020","51,44","48,77","51,44","48,01","62,47M","3,25%"
"27.02.2020","49,82","51,71","52,44","49,80","48,14M","-6,02%"
"26.02.2020","53,01","54,55","54,82","52,93","29,81M","-2,20%"
"25.02.2020","54,20","56,75","56,75","53,97","36,41M","-3,83%"
"24.02.2020","56,36","57,62","57,80","56,36","32,10M","-4,68%"
"21.02.2020","59,13","59,51","59,51","58,79","20,32M","-1,22%"
"20.02.2020","59,86","60,23","60,54","59,72","14,82M","-0,80%"
"19.02.2020","60,34","60,11","60,62","59,83","12,80M","0,77%"
"18.02.2020","59,88","60,15","60,39","59,45","18,95M","-1,27%"
"14.02.2020","60,65","61,15","61,16","60,28","10,86M","-0,46%"
"13.02.2020","60,93","61,06","61,42","60,56","16,95M","-0,55%"
"12.02.2020","61,27","61,34","61,53","60,56","17,86M","1,22%"
"11.02.2020","60,53","60,58","60,89","60,17","14,91M","0,95%"
"10.02.2020","59,96","60,48","60,52","59,62","20,93M","-2,46%"
"07.02.2020","61,47","61,41","61,66","61,06","15,11M","-0,66%"
"06.02.2020","61,88","62,93","63,01","61,78","16,06M","-1,36%"
"05.02.2020","62,73","60,75","62,92","60,60","32,10M","4,60%"
"04.02.2020","59,97","61,45","61,91","59,89","31,92M","-1,25%"
"03.02.2020","60,73","61,38","61,42","60,37","27,40M","-2,24%"
"31.01.2020","62,12","63,20","63,20","61,86","34,28M","-4,12%"
"30.01.2020","64,79","63,78","64,88","63,43","18,54M","1,06%"
"29.01.2020","64,11","65,03","65,13","63,90","14,23M","-0,84%"
"28.01.2020","64,65","65,11","65,20","64,63","19,66M","-0,14%"
"27.01.2020","64,74","65,42","65,73","64,70","21,23M","-2,38%"
"24.01.2020","66,32","66,54","66,67","66,04","18,24M","-0,67%"
"23.01.2020","66,77","66,71","66,93","66,05","19,61M","-0,63%"
"22.01.2020","67,19","67,56","67,70","67,00","17,03M","-0,58%"
"21.01.2020","67,58","68,38","68,42","67,51","17,98M","-1,43%"
"17.01.2020","68,56","68,75","69,08","68,29","18,14M","-0,38%"
"16.01.2020","68,82","69,30","69,58","68,80","13,34M","-0,39%"
"15.01.2020","69,09","69,20","69,59","68,89","11,39M","-0,16%"
"14.01.2020","69,20","69,38","69,58","68,89","16,27M","-0,86%"
"13.01.2020","69,80","69,20","69,87","69,11","9,97M","0,95%"
"10.01.2020","69,14","69,93","69,96","69,12","12,00M","-0,89%"
"09.01.2020","69,76","69,14","69,90","68,62","14,81M","0,77%"
"08.01.2020","69,23","70,11","70,28","69,17","15,14M","-1,51%"
"07.01.2020","70,29","70,50","70,52","69,51","17,50M","-0,82%"
"06.01.2020","70,87","70,32","71,36","70,23","20,08M","0,77%"
"03.01.2020","70,33","71,34","71,37","70,16","17,39M","-0,80%"
"02.01.2020","70,90","70,24","71,02","70,24","12,41M","1,61%"
"31.12.2019","69,78","69,02","69,80","69,01","13,16M","0,43%"
"30.12.2019","69,48","70,09","70,44","69,40","12,69M","-0,59%"
"27.12.2019","69,89","70,20","70,31","69,88","10,52M","-0,34%"
"26.12.2019","70,13","70,19","70,50","70,01","8,84M","0,16%"
"24.12.2019","70,02","70,35","70,50","69,91","3,98M","-0,38%"
"23.12.2019","70,29","69,86","70,30","69,53","14,17M","0,50%"
"20.12.2019","69,94","69,86","70,23","69,39","35,09M","0,79%"
"19.12.2019","69,39","69,99","70,05","69,24","13,28M","-0,69%"
"18.12.2019","69,87","69,63","70,29","69,28","13,65M","0,27%"
"17.12.2019","69,68","69,98","70,38","69,31","14,46M","-0,46%"
"16.12.2019","70,00","69,70","70,25","69,70","15,21M","1,11%"
"13.12.2019","69,23","70,48","70,54","69,12","12,28M","-1,58%"
"12.12.2019","70,34","68,96","70,38","68,90","17,07M","2,00%"
"11.12.2019","68,96","68,74","69,76","68,67","13,75M","-0,14%"
"10.12.2019","69,06","69,66","70,15","68,70","14,28M","-0,86%"
"09.12.2019","69,66","69,08","69,97","69,02","12,41M","0,22%"
"06.12.2019","69,51","68,76","69,87","68,76","13,71M","1,61%"
"05.12.2019","68,41","68,89","68,97","68,20","13,11M","-0,35%"
"04.12.2019","68,65","68,25","68,76","68,14","11,05M","1,13%"
"03.12.2019","67,88","68,00","68,25","67,52","12,87M","-0,79%"
"02.12.2019","68,42","68,50","68,88","68,37","11,12M","0,43%"
"29.11.2019","68,13","68,33","68,53","68,00","7,98M","-0,83%"
"27.11.2019","68,70","68,76","69,09","68,41","8,40M","-0,06%"
"26.11.2019","68,74","68,92","69,03","68,44","15,46M","-0,25%"
"25.11.2019","68,91","69,37","69,44","68,71","10,67M","-0,66%"
"22.11.2019","69,37","69,71","70,18","69,33","12,14M","-0,43%"
"21.11.2019","69,67","68,02","69,75","67,92","14,08M","2,41%"
"20.11.2019","68,03","67,67","68,54","67,32","16,93M","0,31%"
"19.11.2019","67,82","68,40","68,56","67,78","12,61M","-1,02%"
"18.11.2019","68,52","68,70","68,82","68,30","10,10M","-0,97%"
"15.11.2019","69,19","68,71","69,30","68,67","11,25M","1,01%"
"14.11.2019","68,50","68,86","68,97","68,18","11,28M","-0,44%"
"13.11.2019","68,80","69,02","69,15","68,60","12,04M","-0,82%"
"12.11.2019","69,37","70,27","70,41","68,98","13,92M","-1,38%"
"11.11.2019","70,34","70,21","70,61","69,97","8,68M","-0,61%"
"08.11.2019","70,77","71,61","71,80","70,66","12,11M","-3,07%"
"07.11.2019","73,01","72,03","73,03","72,00","13,07M","2,13%"
"06.11.2019","71,49","72,73","72,87","71,20","14,00M","-2,19%"
"05.11.2019","73,09","72,04","73,12","71,85","14,93M","1,98%"
"04.11.2019","71,67","70,07","71,87","69,94","15,86M","2,97%"
"01.11.2019","69,60","68,39","69,61","68,31","14,11M","3,00%"
"31.10.2019","67,57","67,46","67,72","67,14","16,17M","-0,22%"
"30.10.2019","67,72","68,37","68,37","67,27","12,84M","-1,05%"
"29.10.2019","68,44","68,48","69,03","68,24","13,89M","-0,29%"
"28.10.2019","68,64","69,46","69,67","68,58","11,21M","-0,88%"
"25.10.2019","69,25","68,90","69,48","68,90","7,61M","0,23%"
"24.10.2019","69,09","69,96","70,05","69,02","9,07M","-0,95%"
"23.10.2019","69,75","68,96","69,76","68,78","8,72M","0,96%"
"22.10.2019","69,09","68,78","69,76","68,65","9,50M","0,51%"
"21.10.2019","68,74","67,82","68,77","67,82","10,47M","1,67%"
"18.10.2019","67,61","67,87","68,15","67,61","13,47M","-0,78%"
"17.10.2019","68,14","68,48","68,88","68,08","9,93M","-0,13%"
"16.10.2019","68,23","69,21","69,53","68,21","9,81M","-1,71%"
"15.10.2019","69,42","69,06","70,00","69,01","6,66M","0,35%"
"14.10.2019","69,18","68,60","69,37","68,59","6,86M","0,29%"
"11.10.2019","68,98","68,98","69,49","68,89","10,18M","1,07%"
"10.10.2019","68,25","67,43","68,36","67,38","8,45M","1,20%"
"09.10.2019","67,44","67,30","67,70","67,20","8,63M","1,11%"
"08.10.2019","66,70","67,54","67,92","66,64","10,35M","-1,94%"
"07.10.2019","68,02","68,70","69,03","68,02","11,58M","-1,38%"
"04.10.2019","68,97","68,11","69,07","67,82","10,59M","1,46%"
"03.10.2019","67,98","67,00","68,00","66,31","12,78M","1,24%"
"02.10.2019","67,15","68,27","68,59","67,00","14,64M","-2,61%"
"01.10.2019","68,95","70,83","70,91","68,91","11,43M","-2,35%"
"30.09.2019","70,61","71,24","71,45","70,58","10,16M","-1,22%"
"27.09.2019","71,48","70,70","71,67","70,63","8,22M","0,72%"
"26.09.2019","70,97","71,22","71,35","70,68","8,44M","-0,53%"
"25.09.2019","71,35","70,98","71,47","70,82","8,06M","0,30%"
"24.09.2019","71,14","71,81","71,87","70,81","14,31M","-1,37%"
"23.09.2019","72,13","71,52","72,36","71,46","7,81M","0,07%"
"20.09.2019","72,08","72,49","72,50","71,86","19,86M","-0,35%"
"19.09.2019","72,33","72,97","73,19","72,19","8,32M","-0,67%"
"18.09.2019","72,82","72,65","72,97","72,33","7,38M","-0,48%"
"17.09.2019","73,17","73,82","74,08","72,63","14,64M","-0,76%"
"16.09.2019","73,73","75,04","75,18","73,60","19,83M","1,50%"
"13.09.2019","72,64","72,26","72,72","72,06","7,34M","0,92%"
"12.09.2019","71,98","70,98","72,16","70,70","9,10M","0,07%"
"11.09.2019","71,93","72,78","72,84","71,55","10,53M","-0,19%"
"10.09.2019","72,07","72,14","72,85","71,62","13,81M","0,81%"
"09.09.2019","71,49","71,16","72,07","70,98","12,84M","0,79%"
"06.09.2019","70,93","70,35","70,95","70,12","10,42M","0,94%"
"05.09.2019","70,27","69,84","70,55","69,70","9,90M","1,41%"
"04.09.2019","69,29","69,50","69,61","69,09","6,97M","1,06%"
"03.09.2019","68,56","67,89","68,68","67,63","9,85M","0,12%"
"30.08.2019","68,48","68,61","69,08","68,06","9,18M","0,07%"
"29.08.2019","68,43","68,30","68,67","68,09","9,00M","1,11%"
"28.08.2019","67,68","67,53","67,98","67,16","9,66M","0,73%"
"27.08.2019","67,19","68,13","68,44","66,97","9,49M","-0,97%"
"26.08.2019","67,85","68,12","68,26","67,53","7,34M","0,53%"
"23.08.2019","67,49","68,82","69,53","67,03","15,37M","-2,99%"
"22.08.2019","69,57","69,91","69,96","69,25","8,97M","-0,22%"
"21.08.2019","69,72","69,96","69,98","69,37","10,13M","1,00%"
"20.08.2019","69,03","69,30","69,30","68,71","9,74M","-0,60%"
"19.08.2019","69,45","68,97","69,65","68,86","10,03M","1,68%"
"16.08.2019","68,30","67,78","68,46","67,27","12,65M","1,56%"
"15.08.2019","67,25","67,46","67,56","66,53","12,87M","-0,59%"
"14.08.2019","67,65","69,07","69,09","67,65","18,11M","-4,03%"
"13.08.2019","70,49","69,27","70,62","68,92","12,44M","1,24%"
"12.08.2019","69,63","70,06","70,16","69,33","9,54M","-1,71%"
"09.08.2019","70,84","72,13","72,25","70,47","13,69M","-2,13%"
"08.08.2019","72,38","70,85","72,41","70,62","14,30M","2,67%"
"07.08.2019","70,50","69,86","70,88","69,40","15,23M","-0,65%"
"06.08.2019","70,96","70,29","71,01","70,28","12,28M","0,97%"
"05.08.2019","70,28","70,78","70,92","69,61","19,08M","-2,05%"
"02.08.2019","71,75","72,61","73,26","71,18","21,38M","-0,98%"
"01.08.2019","72,46","73,74","74,27","72,27","17,13M","-2,56%"
"31.07.2019","74,36","75,04","75,66","74,26","13,10M","-1,31%"
"30.07.2019","75,35","75,06","75,56","74,89","6,96M","0,01%"
"29.07.2019","75,34","74,88","75,38","74,70","7,09M","0,71%"
"26.07.2019","74,81","74,87","75,08","74,60","7,68M","-0,16%"
"25.07.2019","74,93","75,78","75,78","74,80","9,08M","-0,57%"
"24.07.2019","75,36","75,39","76,05","74,85","8,26M","-0,01%"
"23.07.2019","75,37","75,15","75,77","74,75","8,55M","0,40%"
"22.07.2019","75,07","75,24","75,30","74,50","8,37M","0,11%"
"19.07.2019","74,99","74,90","75,25","74,53","11,24M","0,20%"
"18.07.2019","74,84","75,03","75,27","74,18","11,43M","-0,85%"
"17.07.2019","75,48","75,74","75,96","75,35","7,42M","-0,59%"
"16.07.2019","75,93","76,92","77,07","75,79","10,20M","-1,49%"
"15.07.2019","77,08","77,63","77,74","76,89","7,12M","-0,71%"
"12.07.2019","77,63","77,75","77,88","77,50","6,14M","0,08%"
"11.07.2019","77,57","77,41","77,61","77,05","6,40M","0,08%"
"10.07.2019","77,51","76,80","77,63","76,74","8,08M","1,41%"
"09.07.2019","76,43","76,45","76,77","75,73","7,86M","-0,07%"
"08.07.2019","76,48","76,14","76,70","75,92","7,88M","0,46%"
"05.07.2019","76,13","76,19","76,35","75,59","6,88M","-0,41%"
"03.07.2019","76,44","75,82","76,50","75,62","5,25M","0,95%"
"02.07.2019","75,72","76,14","76,27","75,41","10,48M","-1,10%"
"01.07.2019","76,56","77,13","77,92","76,29","11,45M","-0,09%"
"28.06.2019","76,63","76,19","76,73","75,94","14,78M","1,07%"
"27.06.2019","75,82","76,59","76,75","75,76","8,15M","-1,02%"
"26.06.2019","76,60","76,68","77,13","76,47","11,37M","0,43%"
"25.06.2019","76,27","77,08","77,22","76,19","9,74M","-0,88%"
"24.06.2019","76,95","77,53","77,76","76,81","10,01M","-0,95%"
"21.06.2019","77,69","77,14","77,76","76,87","23,11M","1,41%"
"20.06.2019","76,61","76,24","76,97","76,08","16,23M","1,71%"
"19.06.2019","75,32","75,40","75,85","75,17","9,76M","-0,55%"
"18.06.2019","75,74","75,42","76,22","75,35","10,09M","0,87%"
"17.06.2019","75,09","74,16","75,19","74,04","9,36M","1,00%"
"14.06.2019","74,35","74,68","74,81","74,23","8,58M","-0,44%"
"13.06.2019","74,68","74,70","75,17","74,38","8,99M","0,88%"
"12.06.2019","74,03","74,48","74,61","73,81","7,92M","-1,08%"
"11.06.2019","74,84","75,51","75,81","74,82","9,42M","-0,09%"
"10.06.2019","74,91","75,19","75,33","74,45","7,76M","0,44%"
"07.06.2019","74,58","74,51","74,96","74,43","9,10M","0,36%"
"06.06.2019","74,31","73,71","74,62","73,59","11,74M","1,82%"
"05.06.2019","72,98","73,64","73,64","72,58","10,62M","-0,83%"
"04.06.2019","73,59","72,45","73,66","72,17","10,42M","2,38%"
"03.06.2019","71,88","71,09","72,01","70,97","11,83M","1,57%"
"31.05.2019","70,77","71,19","71,55","70,63","13,98M","-1,67%"
"30.05.2019","71,97","72,02","72,13","71,53","9,36M","-0,26%"
"29.05.2019","72,16","71,89","72,43","71,62","13,65M","-0,62%"
"28.05.2019","72,61","74,24","74,25","72,48","14,91M","-2,01%"
"24.05.2019","74,10","74,14","74,25","73,44","7,06M","0,42%"
"23.05.2019","73,79","74,77","74,80","73,04","14,66M","-2,34%"
"22.05.2019","75,56","76,02","76,22","75,39","7,86M","-0,90%"
"21.05.2019","76,25","76,27","76,46","75,93","8,49M","0,46%"
"20.05.2019","75,90","76,05","76,36","75,67","7,15M","-0,01%"
"17.05.2019","75,91","75,65","76,30","75,59","9,28M","-0,59%"
"16.05.2019","76,36","76,40","76,95","76,22","8,11M","-0,01%"
"15.05.2019","76,37","75,57","76,55","75,21","8,92M","0,74%"
"14.05.2019","75,81","76,13","76,80","75,76","10,55M","0,13%"
"13.05.2019","75,71","75,65","76,23","75,36","12,18M","-1,11%"
"10.05.2019","76,56","76,18","76,79","75,17","11,06M","-0,27%"
"09.05.2019","76,77","76,35","76,88","75,96","13,22M","-0,09%"
"08.05.2019","76,84","76,54","77,29","76,42","11,35M","0,16%"
"07.05.2019","76,72","76,50","76,79","75,77","13,50M","-0,53%"
"06.05.2019","77,13","76,92","77,66","76,71","13,37M","-0,44%"
"03.05.2019","77,47","77,79","78,21","77,44","12,18M","0,23%"
"02.05.2019","77,29","78,28","78,50","77,24","15,36M","-1,75%"
"01.05.2019","78,67","79,94","80,26","78,62","13,91M","-2,01%"
"30.04.2019","80,28","80,37","80,53","79,93","13,72M","0,39%"
"29.04.2019","79,97","80,12","80,38","79,66","10,02M","-0,65%"
"26.04.2019","80,49","80,27","80,63","79,56","18,05M","-2,10%"
"25.04.2019","82,22","81,65","82,84","81,40","11,14M","0,56%"
"24.04.2019","81,76","83,01","83,08","81,73","11,68M","-1,94%"
"23.04.2019","83,38","83,19","83,49","82,68","10,60M","0,58%"
"22.04.2019","82,90","81,87","83,22","81,64","10,77M","2,18%"
"18.04.2019","81,13","81,56","81,83","81,07","9,49M","-0,37%"
"17.04.2019","81,43","81,55","81,70","81,08","8,31M","0,28%"
"16.04.2019","81,20","80,81","81,34","80,69","7,01M","0,68%"
"15.04.2019","80,65","80,89","81,06","80,52","8,54M","-0,33%"
"12.04.2019","80,92","82,81","82,81","80,58","16,64M","-1,26%"
"11.04.2019","81,95","81,54","82,07","81,02","9,12M","0,48%"
"10.04.2019","81,56","81,92","82,08","81,41","10,32M","-0,45%"
"09.04.2019","81,93","82,52","82,58","81,74","8,56M","-1,29%"
"08.04.2019","83,00","82,67","83,20","82,59","9,11M","0,62%"
"05.04.2019","82,49","82,15","82,53","81,95","10,06M","0,54%"
"04.04.2019","82,05","81,12","82,08","80,77","9,36M","1,42%"
"03.04.2019","80,90","81,77","81,77","80,61","8,56M","-0,59%"
"02.04.2019","81,38","81,75","81,95","81,11","7,65M","-0,43%"
"01.04.2019","81,73","81,23","81,78","81,08","10,82M","1,15%"
"29.03.2019","80,80","81,33","81,48","80,48","10,89M","0,07%"
"28.03.2019","80,74","80,03","80,79","80,02","7,41M","0,50%"
"27.03.2019","80,34","80,97","81,31","79,82","7,26M","-0,77%"
"26.03.2019","80,96","80,33","81,27","80,18","9,47M","1,30%"
"25.03.2019","79,92","80,00","80,44","79,59","11,32M","-0,70%"
"22.03.2019","80,48","81,23","81,44","80,30","12,50M","-1,60%"
"21.03.2019","81,79","80,81","81,89","80,80","10,12M","0,58%"
"20.03.2019","81,32","80,75","81,92","80,56","13,13M","0,56%"
"19.03.2019","80,87","81,58","82,00","80,64","13,94M","-0,26%"
"18.03.2019","81,08","80,44","81,25","80,44","9,84M","1,16%"
"15.03.2019","80,15","80,18","80,55","80,10","25,32M","-0,36%"
"14.03.2019","80,44","80,80","80,91","80,35","9,98M","-0,33%"
"13.03.2019","80,71","80,59","80,76","80,20","10,26M","0,89%"
"12.03.2019","80,00","80,11","80,58","79,89","11,32M","0,28%"
"11.03.2019","79,78","79,98","80,29","79,65","11,06M","0,97%"
"08.03.2019","79,01","78,89","79,32","78,25","16,21M","-1,43%"
"07.03.2019","80,16","79,55","80,26","79,32","16,54M","1,11%"
"06.03.2019","79,28","78,85","79,38","77,86","18,63M","-1,13%"
"05.03.2019","80,19","80,12","80,40","79,75","13,75M","-0,15%"
"04.03.2019","80,31","80,24","80,55","79,01","18,09M","0,39%"
"01.03.2019","80,00","79,38","80,00","79,03","15,42M","1,23%"
"28.02.2019","79,03","79,45","79,75","78,71","14,60M","-0,55%"
"27.02.2019","79,47","78,88","79,75","78,66","12,40M","1,03%"
"26.02.2019","78,66","78,68","79,13","78,39","10,99M","0,20%"
"25.02.2019","78,50","78,43","78,85","78,20","9,27M","0,10%"
"22.02.2019","78,42","78,71","78,95","77,62","9,52M","0,77%"
"21.02.2019","77,82","78,21","78,66","77,61","10,27M","-0,90%"
"20.02.2019","78,53","78,30","78,81","78,00","12,63M","0,38%"
"19.02.2019","78,23","77,56","78,48","77,45","13,55M","0,67%"
"15.02.2019","77,71","76,94","77,76","76,75","14,33M","1,89%"
"14.02.2019","76,27","76,26","76,65","75,71","12,77M","0,03%"
"13.02.2019","76,25","75,58","76,54","75,51","13,21M","1,13%"
"12.02.2019","75,40","75,08","75,45","74,82","12,60M","1,75%"
"11.02.2019","74,10","73,88","74,22","73,40","10,43M","0,16%"
"08.02.2019","73,98","73,76","74,07","72,73","11,96M","-0,94%"
"07.02.2019","74,68","74,95","75,19","73,90","14,42M","-0,77%"
"06.02.2019","75,26","75,58","75,77","75,13","10,87M","-0,44%"
"05.02.2019","75,59","75,18","75,64","75,01","12,79M","1,03%"
"04.02.2019","74,82","75,76","75,76","74,40","15,48M","-1,45%"
"01.02.2019","75,92","74,92","76,49","74,32","22,97M","3,60%"
"31.01.2019","73,28","72,29","73,49","72,02","19,88M","1,37%"
"30.01.2019","72,29","71,77","72,57","71,50","11,52M","1,09%"
"29.01.2019","71,51","71,70","72,19","71,48","10,51M","0,38%"
"28.01.2019","71,24","71,02","71,28","70,37","13,68M","-0,67%"
"25.01.2019","71,72","72,07","72,27","71,53","9,00M","0,45%"
"24.01.2019","71,40","71,10","71,97","70,64","11,27M","0,14%"
"23.01.2019","71,30","72,01","72,30","70,93","13,19M","-0,82%"
"22.01.2019","71,89","72,39","72,71","71,68","15,04M","-1,51%"
"18.01.2019","72,99","73,27","73,29","72,12","15,76M","1,19%"
"17.01.2019","72,13","71,19","72,34","70,90","10,14M","0,68%"
"16.01.2019","71,64","71,42","72,38","71,31","12,60M","-0,04%"
"15.01.2019","71,67","71,95","72,36","71,32","10,30M","0,06%"
"14.01.2019","71,63","71,21","71,78","71,12","11,01M","-0,13%"
"11.01.2019","71,72","71,85","71,89","71,07","9,79M","-0,46%"
"10.01.2019","72,05","72,07","72,08","71,12","13,15M","-0,51%"
"09.01.2019","72,42","72,60","72,60","71,64","13,47M","0,53%"
"08.01.2019","72,04","72,54","72,59","71,94","11,44M","0,73%"
"07.01.2019","71,52","71,25","72,10","70,74","10,84M","0,52%"
"04.01.2019","71,15","69,64","71,27","69,36","16,04M","3,69%"
"03.01.2019","68,62","70,00","70,25","68,36","13,87M","-1,54%"
"02.01.2019","69,69","67,35","69,87","67,25","16,73M","2,20%"
"31.12.2018","68,19","68,32","69,15","67,66","15,81M","0,03%"
"28.12.2018","68,17","69,18","69,58","67,82","19,71M","-1,12%"
"27.12.2018","68,94","67,74","68,94","66,08","22,08M","0,44%"
"26.12.2018","68,64","66,18","68,66","64,65","24,89M","4,78%"
"24.12.2018","65,51","66,87","67,53","65,44","14,26M","-3,83%"
"21.12.2018","68,12","68,14","70,37","67,67","47,29M","-0,74%"
"20.12.2018","68,63","70,09","70,66","68,05","28,72M","-3,04%"
"19.12.2018","70,78","72,45","73,27","70,30","21,68M","-1,69%"
"18.12.2018","72,00","73,63","73,86","71,62","18,68M","-2,76%"
"17.12.2018","74,04","75,26","75,60","73,48","15,46M","-2,04%"
"14.12.2018","75,58","76,72","76,87","75,09","12,67M","-1,82%"
"13.12.2018","76,98","76,03","77,22","75,95","13,75M","1,26%"
"12.12.2018","76,02","78,04","78,20","76,02","14,56M","-0,86%"
"11.12.2018","76,68","77,70","77,80","75,68","15,74M","0,18%"
"10.12.2018","76,54","77,86","77,86","74,80","17,95M","-1,42%"
"07.12.2018","77,64","79,39","80,36","77,33","16,22M","-0,96%"
"06.12.2018","78,39","78,00","78,44","76,92","23,22M","-1,31%"
"04.12.2018","79,43","81,38","81,95","79,35","18,54M","-2,20%"
"03.12.2018","81,22","80,24","81,46","80,14","19,41M","2,16%"
"30.11.2018","79,50","78,45","79,60","78,32","14,04M","0,56%"
"29.11.2018","79,06","78,22","79,53","78,19","10,26M","0,78%"
"28.11.2018","78,45","77,04","78,45","76,84","11,48M","1,82%"
"27.11.2018","77,05","76,57","77,45","76,40","10,34M","0,09%"
"26.11.2018","76,98","76,24","77,32","76,12","13,74M","1,97%"
"23.11.2018","75,49","76,05","76,20","74,70","10,88M","-2,67%"
"21.11.2018","77,56","77,43","78,38","77,26","9,69M","0,77%"
"20.11.2018","76,97","78,42","78,90","76,37","15,53M","-2,84%"
"19.11.2018","79,22","78,46","79,36","78,43","9,43M","0,33%"
"16.11.2018","78,96","78,37","79,19","78,10","13,70M","0,98%"
"15.11.2018","78,19","76,67","78,19","75,91","18,98M","1,03%"
"14.11.2018","77,39","78,86","79,09","76,75","18,55M","-0,78%"
"13.11.2018","78,00","79,80","79,85","77,64","15,53M","-2,29%"
"12.11.2018","79,83","81,66","81,73","79,73","11,91M","-1,29%"
"09.11.2018","80,87","80,26","81,40","79,69","15,07M","-1,03%"
"08.11.2018","81,71","83,13","83,75","81,53","16,87M","-1,59%"
"07.11.2018","83,03","82,21","83,14","81,66","12,70M","1,27%"
"06.11.2018","81,99","81,74","82,10","81,35","9,06M","0,43%"
"05.11.2018","81,64","82,50","82,87","81,44","15,81M","-0,38%"
"02.11.2018","81,95","81,76","82,45","80,23","19,35M","1,59%"
"01.11.2018","80,67","79,83","80,75","79,30","14,16M","1,24%"
"31.10.2018","79,68","79,34","80,35","78,90","16,63M","1,14%"
"30.10.2018","78,78","77,62","79,03","77,42","17,76M","2,25%"
"29.10.2018","77,05","78,07","78,43","76,22","15,71M","-0,62%"
"26.10.2018","77,53","77,87","78,41","76,96","18,16M","-1,00%"
"25.10.2018","78,31","78,49","79,05","77,74","12,32M","0,89%"
"24.10.2018","77,62","80,13","80,26","77,55","16,09M","-2,78%"
"23.10.2018","79,84","80,06","80,46","78,72","15,47M","-1,61%"
"22.10.2018","81,15","82,00","82,18","80,64","9,47M","-1,00%"
"19.10.2018","81,97","81,66","82,46","81,51","12,10M","0,15%"
"18.10.2018","81,85","81,20","82,47","81,20","17,45M","0,43%"
"17.10.2018","81,50","80,94","81,52","80,34","12,25M","0,37%"
"16.10.2018","81,20","80,51","81,27","80,01","9,78M","0,47%"
"15.10.2018","80,82","81,38","81,73","80,82","10,56M","-0,69%"
"12.10.2018","81,38","82,13","82,24","80,27","15,22M","-0,27%"
"11.10.2018","81,60","83,94","84,17","81,17","20,32M","-3,45%"
"10.10.2018","84,52","86,73","86,82","84,50","16,57M","-2,30%"
"09.10.2018","86,51","86,38","86,88","85,74","10,18M","0,44%"
"08.10.2018","86,13","84,79","86,31","84,65","13,24M","0,93%"
"05.10.2018","85,34","85,31","85,70","84,93","9,22M","-0,28%"
"04.10.2018","85,58","85,50","86,08","85,25","10,20M","-0,66%"
"03.10.2018","86,15","86,51","86,89","85,97","10,21M","-0,36%"
"02.10.2018","86,46","85,80","86,67","85,62","8,45M","0,76%"
"01.10.2018","85,81","85,35","86,03","85,25","8,57M","0,93%"
"28.09.2018","85,02","85,25","85,93","84,99","9,88M","-0,87%"
"27.09.2018","85,77","86,08","86,38","85,59","7,90M","-0,01%"
"26.09.2018","85,78","86,02","86,50","85,69","10,28M","-0,83%"
"25.09.2018","86,50","87,03","87,36","86,37","12,20M","-0,12%"
"24.09.2018","86,60","85,79","87,08","85,72","13,55M","1,68%"
"21.09.2018","85,17","85,01","85,43","84,52","26,64M","0,41%"
"20.09.2018","84,82","84,86","85,34","84,54","11,20M","0,22%"
"19.09.2018","84,63","83,64","84,77","83,64","10,41M","1,20%"
"18.09.2018","83,63","83,90","84,13","83,45","9,22M","0,26%"
"17.09.2018","83,41","83,00","83,61","82,99","8,40M","0,59%"
"14.09.2018","82,92","82,42","83,15","82,27","9,44M","0,73%"
"13.09.2018","82,32","83,15","83,25","82,01","11,16M","-0,97%"
"12.09.2018","83,13","83,25","83,78","82,87","11,56M","0,33%"
"11.09.2018","82,86","81,96","83,19","81,63","11,89M","1,41%"
"10.09.2018","81,71","82,24","82,74","81,66","10,82M","-0,15%"
"07.09.2018","81,83","80,15","81,93","79,82","16,42M","1,70%"
"06.09.2018","80,46","81,11","81,64","80,34","13,32M","-1,11%"
"05.09.2018","81,36","79,90","81,43","79,60","13,88M","1,33%"
"04.09.2018","80,29","80,41","80,69","79,81","8,86M","0,15%"
"31.08.2018","80,17","80,24","80,46","79,77","10,70M","-0,42%"
"30.08.2018","80,51","80,45","80,78","80,12","7,45M","-0,43%"
"29.08.2018","80,86","80,44","81,04","80,09","8,00M","0,72%"
"28.08.2018","80,28","80,58","80,82","80,20","8,82M","-0,15%"
"27.08.2018","80,40","79,91","80,47","79,86","6,67M","0,98%"
"24.08.2018","79,62","79,52","80,05","79,42","6,55M","0,68%"
"23.08.2018","79,08","79,56","79,63","78,89","7,20M","-1,10%"
"22.08.2018","79,96","79,11","80,05","79,02","10,10M","1,43%"
"21.08.2018","78,83","79,05","79,58","78,67","9,19M","0,03%"
"20.08.2018","78,81","78,26","79,00","78,17","8,15M","0,70%"
"17.08.2018","78,26","78,34","78,49","77,80","10,18M","0,33%"
"16.08.2018","78,00","77,28","78,10","77,20","11,52M","1,38%"
"15.08.2018","76,94","77,78","77,90","76,51","16,31M","-1,75%"
"14.08.2018","78,31","78,99","79,07","78,08","8,01M","-0,32%"
"13.08.2018","78,56","79,45","79,75","78,43","10,31M","-1,08%"
"10.08.2018","79,42","79,51","79,52","78,86","12,95M","-1,12%"
"09.08.2018","80,32","80,73","80,91","80,11","9,83M","-0,51%"
"08.08.2018","80,73","81,02","81,23","80,35","7,28M","-0,66%"
"07.08.2018","81,27","80,91","81,59","80,31","10,70M","1,36%"
"06.08.2018","80,18","80,25","80,43","79,74","10,04M","-0,02%"
"03.08.2018","80,20","79,97","80,30","79,63","7,81M","0,36%"
"02.08.2018","79,91","79,89","80,25","79,45","8,36M","-0,60%"
"01.08.2018","80,39","80,89","80,93","80,22","8,94M","-1,37%"
"31.07.2018","81,51","81,64","82,15","81,44","11,72M","-0,28%"
"30.07.2018","81,74","82,13","82,13","80,71","11,28M","-0,22%"
"27.07.2018","81,92","80,97","82,38","80,81","18,22M","-2,75%"
"26.07.2018","84,24","83,83","84,40","83,37","13,21M","0,78%"
"25.07.2018","83,59","83,01","83,74","82,51","9,73M","0,70%"
"24.07.2018","83,01","81,52","83,02","81,48","11,12M","1,98%"
"23.07.2018","81,40","81,95","82,00","81,18","8,43M","0,00%"
"20.07.2018","81,40","81,72","81,93","81,25","9,21M","-0,74%"
"19.07.2018","82,01","82,20","82,62","81,72","8,66M","-0,26%"
"18.07.2018","82,22","81,80","82,32","81,49","8,71M","-0,11%"
"17.07.2018","82,31","82,26","82,75","82,04","7,37M","-0,22%"
"16.07.2018","82,49","82,52","82,79","82,00","8,31M","-0,98%"
"13.07.2018","83,31","82,68","83,75","82,56","8,72M","0,75%"
"12.07.2018","82,69","83,01","83,24","82,31","9,76M","0,12%"
"11.07.2018","82,59","83,03","83,53","82,03","10,41M","-1,28%"
"10.07.2018","83,66","83,70","84,12","83,51","8,81M","0,92%"
"09.07.2018","82,90","82,81","83,12","82,56","7,16M","0,69%"
"06.07.2018","82,33","81,96","82,70","81,66","7,64M","0,02%"
"05.07.2018","82,31","82,59","82,77","82,05","9,04M","0,09%"
"03.07.2018","82,24","82,58","83,45","82,08","7,20M","0,59%"
"02.07.2018","81,76","81,89","82,13","81,32","10,00M","-1,17%"
"29.06.2018","82,73","82,45","83,54","82,29","17,32M","0,93%"
"28.06.2018","81,97","81,73","82,07","81,03","9,39M","0,32%"
"27.06.2018","81,71","81,06","82,48","81,06","12,73M","1,33%"
"26.06.2018","80,64","80,15","81,01","79,97","10,38M","1,13%"
"25.06.2018","79,74","80,78","81,24","79,30","10,56M","-2,02%"
"22.06.2018","81,38","81,16","81,94","80,92","16,71M","2,12%"
"21.06.2018","79,69","80,02","80,38","79,33","10,99M","-0,94%"
"20.06.2018","80,45","80,85","81,13","80,27","8,92M","-0,31%"
"19.06.2018","80,70","79,89","80,96","79,71","8,76M","-0,15%"
"18.06.2018","80,82","80,40","81,38","80,30","9,19M","0,20%"
"15.06.2018","80,66","81,72","81,82","80,51","23,80M","-1,50%"
"14.06.2018","81,89","81,94","82,30","81,50","11,48M","0,47%"
"13.06.2018","81,51","82,44","82,60","81,47","12,05M","-1,10%"
"12.06.2018","82,42","83,11","83,75","82,32","12,35M","-0,82%"
"11.06.2018","83,10","83,72","83,79","82,93","10,83M","-0,60%"
"08.06.2018","83,60","83,11","83,66","82,50","14,35M","0,87%"
"07.06.2018","82,88","82,73","83,29","82,56","13,50M","1,00%"
"06.06.2018","82,06","81,48","82,09","80,87","11,60M","1,71%"
"05.06.2018","80,68","80,59","81,65","80,41","12,06M","-0,36%"
"04.06.2018","80,97","82,05","82,53","80,81","10,95M","-1,05%"
"01.06.2018","81,83","81,87","82,35","81,55","9,91M","0,73%"
"31.05.2018","81,24","80,81","81,55","80,69","15,80M","-0,32%"
"30.05.2018","81,50","79,25","81,66","79,22","16,63M","3,93%"
"29.05.2018","78,42","78,15","78,73","77,53","14,64M","-0,37%"
"25.05.2018","78,71","79,28","79,33","78,09","14,56M","-1,94%"
"24.05.2018","80,27","81,35","81,36","79,95","13,36M","-2,29%"
"23.05.2018","82,15","80,95","82,23","80,57","15,14M","0,62%"
"22.05.2018","81,64","82,44","82,65","81,35","10,75M","-0,78%"
"21.05.2018","82,28","81,73","82,35","81,52","8,82M","1,21%"
"18.05.2018","81,30","81,55","81,80","81,26","10,03M","-0,71%"
"17.05.2018","81,88","82,20","82,28","81,44","11,22M","-0,17%"
"16.05.2018","82,02","81,76","82,05","81,17","9,57M","0,28%"
"15.05.2018","81,79","81,85","82,03","81,40","12,60M","-0,05%"
"14.05.2018","81,83","81,70","82,32","81,61","11,85M","0,68%"
"11.05.2018","81,28","81,18","81,97","80,91","14,75M","-0,54%"
"10.05.2018","81,72","80,64","81,79","80,50","17,71M","2,24%"
"09.05.2018","79,93","78,98","80,24","78,95","17,14M","2,36%"
"08.05.2018","78,09","77,80","78,16","76,37","17,43M","0,45%"
"07.05.2018","77,74","77,74","79,08","77,40","15,07M","1,09%"
"04.05.2018","76,90","76,13","77,22","75,94","9,89M","0,47%"
"03.05.2018","76,54","76,39","76,61","75,40","12,24M","-0,34%"
"02.05.2018","76,80","76,45","77,23","76,30","13,88M","-0,19%"
"01.05.2018","76,95","77,26","77,26","75,98","16,23M","-1,03%"
"30.04.2018","77,75","77,91","78,56","77,74","15,03M","-0,05%"
"27.04.2018","77,79","76,95","78,65","76,48","16,35M","-3,80%"
"26.04.2018","80,86","79,60","80,90","79,53","14,55M","1,71%"
"25.04.2018","79,50","78,20","79,62","77,48","13,87M","1,47%"
"24.04.2018","78,35","79,80","79,93","77,97","14,10M","-1,53%"
"23.04.2018","79,57","78,92","79,60","78,75","11,73M","0,72%"
"20.04.2018","79,00","79,32","79,40","78,33","12,07M","-0,53%"
"19.04.2018","79,42","79,32","79,82","78,81","11,29M","0,25%"
"18.04.2018","79,22","79,04","79,76","78,94","12,06M","1,14%"
"17.04.2018","78,33","78,54","78,76","78,04","10,48M","-0,27%"
"16.04.2018","78,54","78,12","79,08","77,71","10,74M","0,90%"
"13.04.2018","77,84","77,80","78,19","77,60","10,92M","0,80%"
"12.04.2018","77,22","77,86","78,14","77,00","13,27M","-0,27%"
"11.04.2018","77,43","77,11","78,04","76,75","13,73M","0,47%"
"10.04.2018","77,07","76,08","77,77","76,06","19,29M","2,94%"
"09.04.2018","74,87","75,22","75,79","74,80","11,10M","0,00%"
"06.04.2018","74,87","75,64","76,12","74,22","14,30M","-1,51%"
"05.04.2018","76,02","75,06","76,32","75,02","14,20M","1,54%"
"04.04.2018","74,87","74,05","75,06","73,44","13,12M","-0,20%"
"03.04.2018","75,02","73,45","75,14","73,10","16,00M","2,46%"
"02.04.2018","73,22","74,27","74,40","72,16","17,89M","-1,86%"
"29.03.2018","74,61","73,33","74,89","73,26","14,88M","2,47%"
"28.03.2018","72,81","73,74","74,01","72,78","18,16M","-1,21%"
"27.03.2018","73,70","74,00","74,89","73,28","15,82M","-0,41%"
"26.03.2018","74,00","73,65","74,15","72,75","15,03M","1,52%"
"23.03.2018","72,89","73,81","74,21","72,67","20,16M","-0,83%"
"22.03.2018","73,50","74,42","74,70","73,39","17,74M","-2,05%"
"21.03.2018","75,04","74,23","75,64","73,98","15,42M","1,42%"
"20.03.2018","73,99","74,22","74,70","73,95","13,00M","-0,22%"
"19.03.2018","74,15","75,00","75,01","73,86","12,74M","-1,29%"
"16.03.2018","75,12","74,36","75,12","74,36","32,11M","0,94%"
"15.03.2018","74,42","74,35","75,00","74,10","15,64M","1,11%"
"14.03.2018","73,60","74,64","74,79","73,53","14,82M","-1,25%"
"13.03.2018","74,53","75,33","75,82","74,25","13,74M","-0,94%"